loc,cases,deaths,date,Region,
BATANGAS,116,0,01/10/2016,REGION IV-A-CALABARZON,01/10/2016
BATANGAS,97,1,01/17/2016,REGION IV-A-CALABARZON,01/17/2016
BATANGAS,94,1,01/24/2016,REGION IV-A-CALABARZON,01/24/2016
BATANGAS,90,0,01/31/2016,REGION IV-A-CALABARZON,01/31/2016
BATANGAS,73,0,02/07/2016,REGION IV-A-CALABARZON,02/07/2016
BATANGAS,62,0,02/14/2016,REGION IV-A-CALABARZON,02/14/2016
BATANGAS,65,0,02/21/2016,REGION IV-A-CALABARZON,02/21/2016
BATANGAS,58,0,02/28/2016,REGION IV-A-CALABARZON,02/28/2016
BATANGAS,53,0,03/06/2016,REGION IV-A-CALABARZON,03/06/2016
BATANGAS,41,0,03/13/2016,REGION IV-A-CALABARZON,03/13/2016
BATANGAS,35,1,03/20/2016,REGION IV-A-CALABARZON,03/20/2016
BATANGAS,29,0,03/27/2016,REGION IV-A-CALABARZON,03/27/2016
BATANGAS,23,0,04/03/2016,REGION IV-A-CALABARZON,04/03/2016
BATANGAS,23,0,04/10/2016,REGION IV-A-CALABARZON,04/10/2016
BATANGAS,32,0,04/17/2016,REGION IV-A-CALABARZON,04/17/2016
BATANGAS,24,0,04/24/2016,REGION IV-A-CALABARZON,04/24/2016
BATANGAS,25,0,05/01/2016,REGION IV-A-CALABARZON,05/01/2016
BATANGAS,19,0,05/08/2016,REGION IV-A-CALABARZON,05/08/2016
BATANGAS,26,0,05/15/2016,REGION IV-A-CALABARZON,05/15/2016
BATANGAS,21,0,05/22/2016,REGION IV-A-CALABARZON,05/22/2016
BATANGAS,26,0,05/29/2016,REGION IV-A-CALABARZON,05/29/2016
BATANGAS,27,0,06/05/2016,REGION IV-A-CALABARZON,06/05/2016
BATANGAS,27,0,06/12/2016,REGION IV-A-CALABARZON,06/12/2016
BATANGAS,40,0,06/19/2016,REGION IV-A-CALABARZON,06/19/2016
BATANGAS,85,0,06/26/2016,REGION IV-A-CALABARZON,06/26/2016
BATANGAS,77,0,07/03/2016,REGION IV-A-CALABARZON,07/03/2016
BATANGAS,83,0,07/10/2016,REGION IV-A-CALABARZON,07/10/2016
BATANGAS,86,0,07/17/2016,REGION IV-A-CALABARZON,07/17/2016
BATANGAS,135,0,07/24/2016,REGION IV-A-CALABARZON,07/24/2016
BATANGAS,189,0,07/31/2016,REGION IV-A-CALABARZON,07/31/2016
BATANGAS,185,0,08/07/2016,REGION IV-A-CALABARZON,08/07/2016
BATANGAS,188,1,08/14/2016,REGION IV-A-CALABARZON,08/14/2016
BATANGAS,236,0,08/21/2016,REGION IV-A-CALABARZON,08/21/2016
BATANGAS,197,0,08/28/2016,REGION IV-A-CALABARZON,08/28/2016
BATANGAS,230,1,09/04/2016,REGION IV-A-CALABARZON,09/04/2016
BATANGAS,240,4,09/11/2016,REGION IV-A-CALABARZON,09/11/2016
BATANGAS,203,1,09/18/2016,REGION IV-A-CALABARZON,09/18/2016
BATANGAS,215,1,09/25/2016,REGION IV-A-CALABARZON,09/25/2016
BATANGAS,166,2,10/02/2016,REGION IV-A-CALABARZON,10/02/2016
BATANGAS,184,1,10/09/2016,REGION IV-A-CALABARZON,10/09/2016
BATANGAS,183,2,10/16/2016,REGION IV-A-CALABARZON,10/16/2016
BATANGAS,132,0,10/23/2016,REGION IV-A-CALABARZON,10/23/2016
BATANGAS,135,0,10/30/2016,REGION IV-A-CALABARZON,10/30/2016
BATANGAS,107,0,11/06/2016,REGION IV-A-CALABARZON,11/06/2016
BATANGAS,156,0,11/13/2016,REGION IV-A-CALABARZON,11/13/2016
BATANGAS,106,0,11/20/2016,REGION IV-A-CALABARZON,11/20/2016
BATANGAS,76,0,11/27/2016,REGION IV-A-CALABARZON,11/27/2016
BATANGAS,83,2,12/04/2016,REGION IV-A-CALABARZON,12/04/2016
BATANGAS,89,0,12/11/2016,REGION IV-A-CALABARZON,12/11/2016
BATANGAS,72,0,12/18/2016,REGION IV-A-CALABARZON,12/18/2016
BATANGAS,46,0,12/25/2016,REGION IV-A-CALABARZON,12/25/2016
BATANGAS,57,0,01/01/2017,REGION IV-A-CALABARZON,01/01/2017
CAVITE,214,1,01/10/2016,REGION IV-A-CALABARZON,01/10/2016
CAVITE,161,2,01/17/2016,REGION IV-A-CALABARZON,01/17/2016
CAVITE,147,1,01/24/2016,REGION IV-A-CALABARZON,01/24/2016
CAVITE,160,0,01/31/2016,REGION IV-A-CALABARZON,01/31/2016
CAVITE,150,0,02/07/2016,REGION IV-A-CALABARZON,02/07/2016
CAVITE,117,0,02/14/2016,REGION IV-A-CALABARZON,02/14/2016
CAVITE,103,0,02/21/2016,REGION IV-A-CALABARZON,02/21/2016
CAVITE,84,1,02/28/2016,REGION IV-A-CALABARZON,02/28/2016
CAVITE,89,0,03/06/2016,REGION IV-A-CALABARZON,03/06/2016
CAVITE,92,1,03/13/2016,REGION IV-A-CALABARZON,03/13/2016
CAVITE,80,0,03/20/2016,REGION IV-A-CALABARZON,03/20/2016
CAVITE,36,0,03/27/2016,REGION IV-A-CALABARZON,03/27/2016
CAVITE,52,0,04/03/2016,REGION IV-A-CALABARZON,04/03/2016
CAVITE,52,0,04/10/2016,REGION IV-A-CALABARZON,04/10/2016
CAVITE,33,1,04/17/2016,REGION IV-A-CALABARZON,04/17/2016
CAVITE,39,0,04/24/2016,REGION IV-A-CALABARZON,04/24/2016
CAVITE,47,0,05/01/2016,REGION IV-A-CALABARZON,05/01/2016
CAVITE,41,0,05/08/2016,REGION IV-A-CALABARZON,05/08/2016
CAVITE,31,0,05/15/2016,REGION IV-A-CALABARZON,05/15/2016
CAVITE,26,0,05/22/2016,REGION IV-A-CALABARZON,05/22/2016
CAVITE,22,0,05/29/2016,REGION IV-A-CALABARZON,05/29/2016
CAVITE,27,0,06/05/2016,REGION IV-A-CALABARZON,06/05/2016
CAVITE,34,1,06/12/2016,REGION IV-A-CALABARZON,06/12/2016
CAVITE,45,2,06/19/2016,REGION IV-A-CALABARZON,06/19/2016
CAVITE,58,0,06/26/2016,REGION IV-A-CALABARZON,06/26/2016
CAVITE,53,0,07/03/2016,REGION IV-A-CALABARZON,07/03/2016
CAVITE,67,0,07/10/2016,REGION IV-A-CALABARZON,07/10/2016
CAVITE,110,0,07/17/2016,REGION IV-A-CALABARZON,07/17/2016
CAVITE,117,0,07/24/2016,REGION IV-A-CALABARZON,07/24/2016
CAVITE,146,1,07/31/2016,REGION IV-A-CALABARZON,07/31/2016
CAVITE,169,0,08/07/2016,REGION IV-A-CALABARZON,08/07/2016
CAVITE,195,0,08/14/2016,REGION IV-A-CALABARZON,08/14/2016
CAVITE,143,0,08/21/2016,REGION IV-A-CALABARZON,08/21/2016
CAVITE,166,0,08/28/2016,REGION IV-A-CALABARZON,08/28/2016
CAVITE,234,2,09/04/2016,REGION IV-A-CALABARZON,09/04/2016
CAVITE,151,1,09/11/2016,REGION IV-A-CALABARZON,09/11/2016
CAVITE,175,2,09/18/2016,REGION IV-A-CALABARZON,09/18/2016
CAVITE,169,0,09/25/2016,REGION IV-A-CALABARZON,09/25/2016
CAVITE,131,0,10/02/2016,REGION IV-A-CALABARZON,10/02/2016
CAVITE,198,1,10/09/2016,REGION IV-A-CALABARZON,10/09/2016
CAVITE,116,1,10/16/2016,REGION IV-A-CALABARZON,10/16/2016
CAVITE,134,0,10/23/2016,REGION IV-A-CALABARZON,10/23/2016
CAVITE,138,0,10/30/2016,REGION IV-A-CALABARZON,10/30/2016
CAVITE,135,1,11/06/2016,REGION IV-A-CALABARZON,11/06/2016
CAVITE,126,0,11/13/2016,REGION IV-A-CALABARZON,11/13/2016
CAVITE,141,2,11/20/2016,REGION IV-A-CALABARZON,11/20/2016
CAVITE,123,1,11/27/2016,REGION IV-A-CALABARZON,11/27/2016
CAVITE,140,1,12/04/2016,REGION IV-A-CALABARZON,12/04/2016
CAVITE,134,0,12/11/2016,REGION IV-A-CALABARZON,12/11/2016
CAVITE,111,0,12/18/2016,REGION IV-A-CALABARZON,12/18/2016
CAVITE,72,0,12/25/2016,REGION IV-A-CALABARZON,12/25/2016
CAVITE,64,0,01/01/2017,REGION IV-A-CALABARZON,01/01/2017
LAGUNA,353,0,01/10/2016,REGION IV-A-CALABARZON,01/10/2016
LAGUNA,253,0,01/17/2016,REGION IV-A-CALABARZON,01/17/2016
LAGUNA,259,0,01/24/2016,REGION IV-A-CALABARZON,01/24/2016
LAGUNA,232,2,01/31/2016,REGION IV-A-CALABARZON,01/31/2016
LAGUNA,180,1,02/07/2016,REGION IV-A-CALABARZON,02/07/2016
LAGUNA,194,0,02/14/2016,REGION IV-A-CALABARZON,02/14/2016
LAGUNA,153,0,02/21/2016,REGION IV-A-CALABARZON,02/21/2016
LAGUNA,153,0,02/28/2016,REGION IV-A-CALABARZON,02/28/2016
LAGUNA,125,0,03/06/2016,REGION IV-A-CALABARZON,03/06/2016
LAGUNA,115,2,03/13/2016,REGION IV-A-CALABARZON,03/13/2016
LAGUNA,115,1,03/20/2016,REGION IV-A-CALABARZON,03/20/2016
LAGUNA,95,1,03/27/2016,REGION IV-A-CALABARZON,03/27/2016
LAGUNA,77,0,04/03/2016,REGION IV-A-CALABARZON,04/03/2016
LAGUNA,77,0,04/10/2016,REGION IV-A-CALABARZON,04/10/2016
LAGUNA,67,0,04/17/2016,REGION IV-A-CALABARZON,04/17/2016
LAGUNA,39,0,04/24/2016,REGION IV-A-CALABARZON,04/24/2016
LAGUNA,38,0,05/01/2016,REGION IV-A-CALABARZON,05/01/2016
LAGUNA,42,0,05/08/2016,REGION IV-A-CALABARZON,05/08/2016
LAGUNA,45,0,05/15/2016,REGION IV-A-CALABARZON,05/15/2016
LAGUNA,42,0,05/22/2016,REGION IV-A-CALABARZON,05/22/2016
LAGUNA,47,0,05/29/2016,REGION IV-A-CALABARZON,05/29/2016
LAGUNA,53,0,06/05/2016,REGION IV-A-CALABARZON,06/05/2016
LAGUNA,48,1,06/12/2016,REGION IV-A-CALABARZON,06/12/2016
LAGUNA,45,0,06/19/2016,REGION IV-A-CALABARZON,06/19/2016
LAGUNA,70,0,06/26/2016,REGION IV-A-CALABARZON,06/26/2016
LAGUNA,74,0,07/03/2016,REGION IV-A-CALABARZON,07/03/2016
LAGUNA,109,0,07/10/2016,REGION IV-A-CALABARZON,07/10/2016
LAGUNA,125,0,07/17/2016,REGION IV-A-CALABARZON,07/17/2016
LAGUNA,188,0,07/24/2016,REGION IV-A-CALABARZON,07/24/2016
LAGUNA,197,1,07/31/2016,REGION IV-A-CALABARZON,07/31/2016
LAGUNA,198,0,08/07/2016,REGION IV-A-CALABARZON,08/07/2016
LAGUNA,213,0,08/14/2016,REGION IV-A-CALABARZON,08/14/2016
LAGUNA,193,0,08/21/2016,REGION IV-A-CALABARZON,08/21/2016
LAGUNA,219,0,08/28/2016,REGION IV-A-CALABARZON,08/28/2016
LAGUNA,235,0,09/04/2016,REGION IV-A-CALABARZON,09/04/2016
LAGUNA,217,1,09/11/2016,REGION IV-A-CALABARZON,09/11/2016
LAGUNA,219,1,09/18/2016,REGION IV-A-CALABARZON,09/18/2016
LAGUNA,219,0,09/25/2016,REGION IV-A-CALABARZON,09/25/2016
LAGUNA,192,0,10/02/2016,REGION IV-A-CALABARZON,10/02/2016
LAGUNA,170,0,10/09/2016,REGION IV-A-CALABARZON,10/09/2016
LAGUNA,159,1,10/16/2016,REGION IV-A-CALABARZON,10/16/2016
LAGUNA,143,0,10/23/2016,REGION IV-A-CALABARZON,10/23/2016
LAGUNA,127,0,10/30/2016,REGION IV-A-CALABARZON,10/30/2016
LAGUNA,110,0,11/06/2016,REGION IV-A-CALABARZON,11/06/2016
LAGUNA,163,1,11/13/2016,REGION IV-A-CALABARZON,11/13/2016
LAGUNA,93,1,11/20/2016,REGION IV-A-CALABARZON,11/20/2016
LAGUNA,125,0,11/27/2016,REGION IV-A-CALABARZON,11/27/2016
LAGUNA,109,0,12/04/2016,REGION IV-A-CALABARZON,12/04/2016
LAGUNA,110,1,12/11/2016,REGION IV-A-CALABARZON,12/11/2016
LAGUNA,86,0,12/18/2016,REGION IV-A-CALABARZON,12/18/2016
LAGUNA,64,1,12/25/2016,REGION IV-A-CALABARZON,12/25/2016
LAGUNA,69,0,01/01/2017,REGION IV-A-CALABARZON,01/01/2017
LUCENA CITY,43,0,01/10/2016,REGION IV-A-CALABARZON,01/10/2016
LUCENA CITY,35,0,01/17/2016,REGION IV-A-CALABARZON,01/17/2016
LUCENA CITY,37,0,01/24/2016,REGION IV-A-CALABARZON,01/24/2016
LUCENA CITY,24,0,01/31/2016,REGION IV-A-CALABARZON,01/31/2016
LUCENA CITY,41,0,02/07/2016,REGION IV-A-CALABARZON,02/07/2016
LUCENA CITY,26,0,02/14/2016,REGION IV-A-CALABARZON,02/14/2016
LUCENA CITY,38,0,02/21/2016,REGION IV-A-CALABARZON,02/21/2016
LUCENA CITY,26,0,02/28/2016,REGION IV-A-CALABARZON,02/28/2016
LUCENA CITY,22,0,03/06/2016,REGION IV-A-CALABARZON,03/06/2016
LUCENA CITY,11,0,03/13/2016,REGION IV-A-CALABARZON,03/13/2016
LUCENA CITY,16,0,03/20/2016,REGION IV-A-CALABARZON,03/20/2016
LUCENA CITY,21,0,03/27/2016,REGION IV-A-CALABARZON,03/27/2016
LUCENA CITY,18,0,04/03/2016,REGION IV-A-CALABARZON,04/03/2016
LUCENA CITY,18,0,04/10/2016,REGION IV-A-CALABARZON,04/10/2016
LUCENA CITY,27,0,04/17/2016,REGION IV-A-CALABARZON,04/17/2016
LUCENA CITY,17,0,04/24/2016,REGION IV-A-CALABARZON,04/24/2016
LUCENA CITY,7,0,05/01/2016,REGION IV-A-CALABARZON,05/01/2016
LUCENA CITY,14,0,05/08/2016,REGION IV-A-CALABARZON,05/08/2016
LUCENA CITY,4,0,05/15/2016,REGION IV-A-CALABARZON,05/15/2016
LUCENA CITY,5,0,05/22/2016,REGION IV-A-CALABARZON,05/22/2016
LUCENA CITY,9,0,05/29/2016,REGION IV-A-CALABARZON,05/29/2016
LUCENA CITY,1,0,06/05/2016,REGION IV-A-CALABARZON,06/05/2016
LUCENA CITY,8,0,06/12/2016,REGION IV-A-CALABARZON,06/12/2016
LUCENA CITY,2,0,06/19/2016,REGION IV-A-CALABARZON,06/19/2016
LUCENA CITY,6,0,06/26/2016,REGION IV-A-CALABARZON,06/26/2016
LUCENA CITY,6,0,07/03/2016,REGION IV-A-CALABARZON,07/03/2016
LUCENA CITY,5,0,07/10/2016,REGION IV-A-CALABARZON,07/10/2016
LUCENA CITY,2,0,07/17/2016,REGION IV-A-CALABARZON,07/17/2016
LUCENA CITY,10,0,07/24/2016,REGION IV-A-CALABARZON,07/24/2016
LUCENA CITY,11,0,07/31/2016,REGION IV-A-CALABARZON,07/31/2016
LUCENA CITY,13,0,08/07/2016,REGION IV-A-CALABARZON,08/07/2016
LUCENA CITY,15,0,08/14/2016,REGION IV-A-CALABARZON,08/14/2016
LUCENA CITY,15,0,08/21/2016,REGION IV-A-CALABARZON,08/21/2016
LUCENA CITY,13,0,08/28/2016,REGION IV-A-CALABARZON,08/28/2016
LUCENA CITY,20,0,09/04/2016,REGION IV-A-CALABARZON,09/04/2016
LUCENA CITY,30,0,09/11/2016,REGION IV-A-CALABARZON,09/11/2016
LUCENA CITY,23,0,09/18/2016,REGION IV-A-CALABARZON,09/18/2016
LUCENA CITY,18,1,09/25/2016,REGION IV-A-CALABARZON,09/25/2016
LUCENA CITY,13,0,10/02/2016,REGION IV-A-CALABARZON,10/02/2016
LUCENA CITY,13,0,10/09/2016,REGION IV-A-CALABARZON,10/09/2016
LUCENA CITY,11,0,10/16/2016,REGION IV-A-CALABARZON,10/16/2016
LUCENA CITY,8,0,10/23/2016,REGION IV-A-CALABARZON,10/23/2016
LUCENA CITY,19,0,10/30/2016,REGION IV-A-CALABARZON,10/30/2016
LUCENA CITY,16,0,11/06/2016,REGION IV-A-CALABARZON,11/06/2016
LUCENA CITY,16,0,11/13/2016,REGION IV-A-CALABARZON,11/13/2016
LUCENA CITY,12,0,11/20/2016,REGION IV-A-CALABARZON,11/20/2016
LUCENA CITY,18,1,11/27/2016,REGION IV-A-CALABARZON,11/27/2016
LUCENA CITY,14,0,12/04/2016,REGION IV-A-CALABARZON,12/04/2016
LUCENA CITY,16,0,12/11/2016,REGION IV-A-CALABARZON,12/11/2016
LUCENA CITY,11,0,12/18/2016,REGION IV-A-CALABARZON,12/18/2016
LUCENA CITY,9,0,12/25/2016,REGION IV-A-CALABARZON,12/25/2016
LUCENA CITY,6,0,01/01/2017,REGION IV-A-CALABARZON,01/01/2017
QUEZON,81,1,01/10/2016,REGION IV-A-CALABARZON,01/10/2016
QUEZON,65,0,01/17/2016,REGION IV-A-CALABARZON,01/17/2016
QUEZON,80,0,01/24/2016,REGION IV-A-CALABARZON,01/24/2016
QUEZON,61,0,01/31/2016,REGION IV-A-CALABARZON,01/31/2016
QUEZON,65,1,02/07/2016,REGION IV-A-CALABARZON,02/07/2016
QUEZON,65,0,02/14/2016,REGION IV-A-CALABARZON,02/14/2016
QUEZON,49,0,02/21/2016,REGION IV-A-CALABARZON,02/21/2016
QUEZON,51,0,02/28/2016,REGION IV-A-CALABARZON,02/28/2016
QUEZON,28,0,03/06/2016,REGION IV-A-CALABARZON,03/06/2016
QUEZON,25,0,03/13/2016,REGION IV-A-CALABARZON,03/13/2016
QUEZON,33,0,03/20/2016,REGION IV-A-CALABARZON,03/20/2016
QUEZON,26,0,03/27/2016,REGION IV-A-CALABARZON,03/27/2016
QUEZON,23,0,04/03/2016,REGION IV-A-CALABARZON,04/03/2016
QUEZON,23,0,04/10/2016,REGION IV-A-CALABARZON,04/10/2016
QUEZON,17,0,04/17/2016,REGION IV-A-CALABARZON,04/17/2016
QUEZON,27,0,04/24/2016,REGION IV-A-CALABARZON,04/24/2016
QUEZON,13,0,05/01/2016,REGION IV-A-CALABARZON,05/01/2016
QUEZON,19,0,05/08/2016,REGION IV-A-CALABARZON,05/08/2016
QUEZON,13,0,05/15/2016,REGION IV-A-CALABARZON,05/15/2016
QUEZON,13,0,05/22/2016,REGION IV-A-CALABARZON,05/22/2016
QUEZON,15,0,05/29/2016,REGION IV-A-CALABARZON,05/29/2016
QUEZON,15,0,06/05/2016,REGION IV-A-CALABARZON,06/05/2016
QUEZON,16,0,06/12/2016,REGION IV-A-CALABARZON,06/12/2016
QUEZON,24,0,06/19/2016,REGION IV-A-CALABARZON,06/19/2016
QUEZON,29,0,06/26/2016,REGION IV-A-CALABARZON,06/26/2016
QUEZON,27,0,07/03/2016,REGION IV-A-CALABARZON,07/03/2016
QUEZON,26,0,07/10/2016,REGION IV-A-CALABARZON,07/10/2016
QUEZON,44,0,07/17/2016,REGION IV-A-CALABARZON,07/17/2016
QUEZON,32,0,07/24/2016,REGION IV-A-CALABARZON,07/24/2016
QUEZON,53,0,07/31/2016,REGION IV-A-CALABARZON,07/31/2016
QUEZON,60,0,08/07/2016,REGION IV-A-CALABARZON,08/07/2016
QUEZON,74,0,08/14/2016,REGION IV-A-CALABARZON,08/14/2016
QUEZON,117,0,08/21/2016,REGION IV-A-CALABARZON,08/21/2016
QUEZON,74,0,08/28/2016,REGION IV-A-CALABARZON,08/28/2016
QUEZON,103,0,09/04/2016,REGION IV-A-CALABARZON,09/04/2016
QUEZON,53,0,09/11/2016,REGION IV-A-CALABARZON,09/11/2016
QUEZON,65,1,09/18/2016,REGION IV-A-CALABARZON,09/18/2016
QUEZON,83,0,09/25/2016,REGION IV-A-CALABARZON,09/25/2016
QUEZON,59,0,10/02/2016,REGION IV-A-CALABARZON,10/02/2016
QUEZON,80,0,10/09/2016,REGION IV-A-CALABARZON,10/09/2016
QUEZON,54,0,10/16/2016,REGION IV-A-CALABARZON,10/16/2016
QUEZON,65,0,10/23/2016,REGION IV-A-CALABARZON,10/23/2016
QUEZON,75,2,10/30/2016,REGION IV-A-CALABARZON,10/30/2016
QUEZON,64,0,11/06/2016,REGION IV-A-CALABARZON,11/06/2016
QUEZON,45,0,11/13/2016,REGION IV-A-CALABARZON,11/13/2016
QUEZON,31,0,11/20/2016,REGION IV-A-CALABARZON,11/20/2016
QUEZON,34,0,11/27/2016,REGION IV-A-CALABARZON,11/27/2016
QUEZON,30,0,12/04/2016,REGION IV-A-CALABARZON,12/04/2016
QUEZON,34,0,12/11/2016,REGION IV-A-CALABARZON,12/11/2016
QUEZON,14,0,12/18/2016,REGION IV-A-CALABARZON,12/18/2016
QUEZON,10,0,12/25/2016,REGION IV-A-CALABARZON,12/25/2016
QUEZON,10,0,01/01/2017,REGION IV-A-CALABARZON,01/01/2017
RIZAL,93,0,01/10/2016,REGION IV-A-CALABARZON,01/10/2016
RIZAL,78,3,01/17/2016,REGION IV-A-CALABARZON,01/17/2016
RIZAL,111,2,01/24/2016,REGION IV-A-CALABARZON,01/24/2016
RIZAL,109,0,01/31/2016,REGION IV-A-CALABARZON,01/31/2016
RIZAL,98,2,02/07/2016,REGION IV-A-CALABARZON,02/07/2016
RIZAL,78,0,02/14/2016,REGION IV-A-CALABARZON,02/14/2016
RIZAL,58,0,02/21/2016,REGION IV-A-CALABARZON,02/21/2016
RIZAL,48,0,02/28/2016,REGION IV-A-CALABARZON,02/28/2016
RIZAL,68,2,03/06/2016,REGION IV-A-CALABARZON,03/06/2016
RIZAL,56,0,03/13/2016,REGION IV-A-CALABARZON,03/13/2016
RIZAL,68,1,03/20/2016,REGION IV-A-CALABARZON,03/20/2016
RIZAL,48,0,03/27/2016,REGION IV-A-CALABARZON,03/27/2016
RIZAL,33,0,04/03/2016,REGION IV-A-CALABARZON,04/03/2016
RIZAL,33,0,04/10/2016,REGION IV-A-CALABARZON,04/10/2016
RIZAL,36,0,04/17/2016,REGION IV-A-CALABARZON,04/17/2016
RIZAL,28,0,04/24/2016,REGION IV-A-CALABARZON,04/24/2016
RIZAL,17,0,05/01/2016,REGION IV-A-CALABARZON,05/01/2016
RIZAL,25,0,05/08/2016,REGION IV-A-CALABARZON,05/08/2016
RIZAL,25,0,05/15/2016,REGION IV-A-CALABARZON,05/15/2016
RIZAL,17,0,05/22/2016,REGION IV-A-CALABARZON,05/22/2016
RIZAL,20,1,05/29/2016,REGION IV-A-CALABARZON,05/29/2016
RIZAL,23,0,06/05/2016,REGION IV-A-CALABARZON,06/05/2016
RIZAL,21,0,06/12/2016,REGION IV-A-CALABARZON,06/12/2016
RIZAL,29,0,06/19/2016,REGION IV-A-CALABARZON,06/19/2016
RIZAL,45,0,06/26/2016,REGION IV-A-CALABARZON,06/26/2016
RIZAL,39,0,07/03/2016,REGION IV-A-CALABARZON,07/03/2016
RIZAL,55,1,07/10/2016,REGION IV-A-CALABARZON,07/10/2016
RIZAL,52,0,07/17/2016,REGION IV-A-CALABARZON,07/17/2016
RIZAL,66,2,07/24/2016,REGION IV-A-CALABARZON,07/24/2016
RIZAL,86,1,07/31/2016,REGION IV-A-CALABARZON,07/31/2016
RIZAL,143,0,08/07/2016,REGION IV-A-CALABARZON,08/07/2016
RIZAL,116,0,08/14/2016,REGION IV-A-CALABARZON,08/14/2016
RIZAL,136,0,08/21/2016,REGION IV-A-CALABARZON,08/21/2016
RIZAL,140,1,08/28/2016,REGION IV-A-CALABARZON,08/28/2016
RIZAL,174,2,09/04/2016,REGION IV-A-CALABARZON,09/04/2016
RIZAL,124,7,09/11/2016,REGION IV-A-CALABARZON,09/11/2016
RIZAL,146,1,09/18/2016,REGION IV-A-CALABARZON,09/18/2016
RIZAL,108,2,09/25/2016,REGION IV-A-CALABARZON,09/25/2016
RIZAL,80,4,10/02/2016,REGION IV-A-CALABARZON,10/02/2016
RIZAL,93,1,10/09/2016,REGION IV-A-CALABARZON,10/09/2016
RIZAL,119,2,10/16/2016,REGION IV-A-CALABARZON,10/16/2016
RIZAL,93,2,10/23/2016,REGION IV-A-CALABARZON,10/23/2016
RIZAL,85,1,10/30/2016,REGION IV-A-CALABARZON,10/30/2016
RIZAL,84,1,11/06/2016,REGION IV-A-CALABARZON,11/06/2016
RIZAL,86,1,11/13/2016,REGION IV-A-CALABARZON,11/13/2016
RIZAL,76,1,11/20/2016,REGION IV-A-CALABARZON,11/20/2016
RIZAL,80,0,11/27/2016,REGION IV-A-CALABARZON,11/27/2016
RIZAL,57,1,12/04/2016,REGION IV-A-CALABARZON,12/04/2016
RIZAL,55,1,12/11/2016,REGION IV-A-CALABARZON,12/11/2016
RIZAL,50,1,12/18/2016,REGION IV-A-CALABARZON,12/18/2016
RIZAL,41,0,12/25/2016,REGION IV-A-CALABARZON,12/25/2016
RIZAL,28,0,01/01/2017,REGION IV-A-CALABARZON,01/01/2017
BATANGAS,89,0,01/08/2017,REGION IV-A-CALABARZON,01/08/2017
BATANGAS,61,0,01/15/2017,REGION IV-A-CALABARZON,01/15/2017
BATANGAS,39,0,01/22/2017,REGION IV-A-CALABARZON,01/22/2017
BATANGAS,48,1,01/29/2017,REGION IV-A-CALABARZON,01/29/2017
BATANGAS,42,0,02/05/2017,REGION IV-A-CALABARZON,02/05/2017
BATANGAS,40,0,02/12/2017,REGION IV-A-CALABARZON,02/12/2017
BATANGAS,36,0,02/19/2017,REGION IV-A-CALABARZON,02/19/2017
BATANGAS,40,0,02/26/2017,REGION IV-A-CALABARZON,02/26/2017
BATANGAS,34,1,03/05/2017,REGION IV-A-CALABARZON,03/05/2017
BATANGAS,31,0,03/12/2017,REGION IV-A-CALABARZON,03/12/2017
BATANGAS,28,0,03/19/2017,REGION IV-A-CALABARZON,03/19/2017
BATANGAS,20,0,03/26/2017,REGION IV-A-CALABARZON,03/26/2017
BATANGAS,19,0,04/02/2017,REGION IV-A-CALABARZON,04/02/2017
BATANGAS,18,0,04/09/2017,REGION IV-A-CALABARZON,04/09/2017
BATANGAS,10,0,04/16/2017,REGION IV-A-CALABARZON,04/16/2017
BATANGAS,15,0,04/23/2017,REGION IV-A-CALABARZON,04/23/2017
BATANGAS,18,0,04/30/2017,REGION IV-A-CALABARZON,04/30/2017
BATANGAS,17,0,05/07/2017,REGION IV-A-CALABARZON,05/07/2017
BATANGAS,20,0,05/14/2017,REGION IV-A-CALABARZON,05/14/2017
BATANGAS,18,1,05/21/2017,REGION IV-A-CALABARZON,05/21/2017
BATANGAS,26,0,05/28/2017,REGION IV-A-CALABARZON,05/28/2017
BATANGAS,34,1,06/04/2017,REGION IV-A-CALABARZON,06/04/2017
BATANGAS,43,0,06/11/2017,REGION IV-A-CALABARZON,06/11/2017
BATANGAS,56,0,06/18/2017,REGION IV-A-CALABARZON,06/18/2017
BATANGAS,92,0,06/25/2017,REGION IV-A-CALABARZON,06/25/2017
BATANGAS,109,0,07/02/2017,REGION IV-A-CALABARZON,07/02/2017
BATANGAS,129,0,07/09/2017,REGION IV-A-CALABARZON,07/09/2017
BATANGAS,137,0,07/16/2017,REGION IV-A-CALABARZON,07/16/2017
BATANGAS,123,0,07/23/2017,REGION IV-A-CALABARZON,07/23/2017
BATANGAS,159,1,07/30/2017,REGION IV-A-CALABARZON,07/30/2017
BATANGAS,150,1,08/06/2017,REGION IV-A-CALABARZON,08/06/2017
BATANGAS,163,0,08/13/2017,REGION IV-A-CALABARZON,08/13/2017
BATANGAS,187,3,08/20/2017,REGION IV-A-CALABARZON,08/20/2017
BATANGAS,191,1,08/27/2017,REGION IV-A-CALABARZON,08/27/2017
BATANGAS,189,0,09/03/2017,REGION IV-A-CALABARZON,09/03/2017
BATANGAS,175,0,09/10/2017,REGION IV-A-CALABARZON,09/10/2017
BATANGAS,120,0,09/17/2017,REGION IV-A-CALABARZON,09/17/2017
BATANGAS,155,0,09/24/2017,REGION IV-A-CALABARZON,09/24/2017
BATANGAS,126,0,10/01/2017,REGION IV-A-CALABARZON,10/01/2017
BATANGAS,112,1,10/08/2017,REGION IV-A-CALABARZON,10/08/2017
BATANGAS,118,1,10/15/2017,REGION IV-A-CALABARZON,10/15/2017
BATANGAS,108,1,10/22/2017,REGION IV-A-CALABARZON,10/22/2017
BATANGAS,120,3,10/29/2017,REGION IV-A-CALABARZON,10/29/2017
BATANGAS,120,2,11/05/2017,REGION IV-A-CALABARZON,11/05/2017
BATANGAS,134,0,11/12/2017,REGION IV-A-CALABARZON,11/12/2017
BATANGAS,104,2,11/19/2017,REGION IV-A-CALABARZON,11/19/2017
BATANGAS,135,2,11/26/2017,REGION IV-A-CALABARZON,11/26/2017
BATANGAS,106,0,12/03/2017,REGION IV-A-CALABARZON,12/03/2017
BATANGAS,122,1,12/10/2017,REGION IV-A-CALABARZON,12/10/2017
BATANGAS,92,0,12/17/2017,REGION IV-A-CALABARZON,12/17/2017
BATANGAS,64,0,12/24/2017,REGION IV-A-CALABARZON,12/24/2017
BATANGAS,62,1,12/31/2017,REGION IV-A-CALABARZON,12/31/2017
CAVITE,128,2,01/08/2017,REGION IV-A-CALABARZON,01/08/2017
CAVITE,130,1,01/15/2017,REGION IV-A-CALABARZON,01/15/2017
CAVITE,98,0,01/22/2017,REGION IV-A-CALABARZON,01/22/2017
CAVITE,97,0,01/29/2017,REGION IV-A-CALABARZON,01/29/2017
CAVITE,75,0,02/05/2017,REGION IV-A-CALABARZON,02/05/2017
CAVITE,97,0,02/12/2017,REGION IV-A-CALABARZON,02/12/2017
CAVITE,72,3,02/19/2017,REGION IV-A-CALABARZON,02/19/2017
CAVITE,91,0,02/26/2017,REGION IV-A-CALABARZON,02/26/2017
CAVITE,59,0,03/05/2017,REGION IV-A-CALABARZON,03/05/2017
CAVITE,63,1,03/12/2017,REGION IV-A-CALABARZON,03/12/2017
CAVITE,49,0,03/19/2017,REGION IV-A-CALABARZON,03/19/2017
CAVITE,39,0,03/26/2017,REGION IV-A-CALABARZON,03/26/2017
CAVITE,46,0,04/02/2017,REGION IV-A-CALABARZON,04/02/2017
CAVITE,33,0,04/09/2017,REGION IV-A-CALABARZON,04/09/2017
CAVITE,26,0,04/16/2017,REGION IV-A-CALABARZON,04/16/2017
CAVITE,25,0,04/23/2017,REGION IV-A-CALABARZON,04/23/2017
CAVITE,28,0,04/30/2017,REGION IV-A-CALABARZON,04/30/2017
CAVITE,25,0,05/07/2017,REGION IV-A-CALABARZON,05/07/2017
CAVITE,30,0,05/14/2017,REGION IV-A-CALABARZON,05/14/2017
CAVITE,22,0,05/21/2017,REGION IV-A-CALABARZON,05/21/2017
CAVITE,19,0,05/28/2017,REGION IV-A-CALABARZON,05/28/2017
CAVITE,20,0,06/04/2017,REGION IV-A-CALABARZON,06/04/2017
CAVITE,20,0,06/11/2017,REGION IV-A-CALABARZON,06/11/2017
CAVITE,53,0,06/18/2017,REGION IV-A-CALABARZON,06/18/2017
CAVITE,60,2,06/25/2017,REGION IV-A-CALABARZON,06/25/2017
CAVITE,78,0,07/02/2017,REGION IV-A-CALABARZON,07/02/2017
CAVITE,111,0,07/09/2017,REGION IV-A-CALABARZON,07/09/2017
CAVITE,133,0,07/16/2017,REGION IV-A-CALABARZON,07/16/2017
CAVITE,186,0,07/23/2017,REGION IV-A-CALABARZON,07/23/2017
CAVITE,164,0,07/30/2017,REGION IV-A-CALABARZON,07/30/2017
CAVITE,172,0,08/06/2017,REGION IV-A-CALABARZON,08/06/2017
CAVITE,187,4,08/13/2017,REGION IV-A-CALABARZON,08/13/2017
CAVITE,198,2,08/20/2017,REGION IV-A-CALABARZON,08/20/2017
CAVITE,205,0,08/27/2017,REGION IV-A-CALABARZON,08/27/2017
CAVITE,127,0,09/03/2017,REGION IV-A-CALABARZON,09/03/2017
CAVITE,174,0,09/10/2017,REGION IV-A-CALABARZON,09/10/2017
CAVITE,147,0,09/17/2017,REGION IV-A-CALABARZON,09/17/2017
CAVITE,166,0,09/24/2017,REGION IV-A-CALABARZON,09/24/2017
CAVITE,166,4,10/01/2017,REGION IV-A-CALABARZON,10/01/2017
CAVITE,145,0,10/08/2017,REGION IV-A-CALABARZON,10/08/2017
CAVITE,156,1,10/15/2017,REGION IV-A-CALABARZON,10/15/2017
CAVITE,187,0,10/22/2017,REGION IV-A-CALABARZON,10/22/2017
CAVITE,211,2,10/29/2017,REGION IV-A-CALABARZON,10/29/2017
CAVITE,216,3,11/05/2017,REGION IV-A-CALABARZON,11/05/2017
CAVITE,211,2,11/12/2017,REGION IV-A-CALABARZON,11/12/2017
CAVITE,189,4,11/19/2017,REGION IV-A-CALABARZON,11/19/2017
CAVITE,272,0,11/26/2017,REGION IV-A-CALABARZON,11/26/2017
CAVITE,268,0,12/03/2017,REGION IV-A-CALABARZON,12/03/2017
CAVITE,273,0,12/10/2017,REGION IV-A-CALABARZON,12/10/2017
CAVITE,277,2,12/17/2017,REGION IV-A-CALABARZON,12/17/2017
CAVITE,202,0,12/24/2017,REGION IV-A-CALABARZON,12/24/2017
CAVITE,177,0,12/31/2017,REGION IV-A-CALABARZON,12/31/2017
LAGUNA,125,1,01/08/2017,REGION IV-A-CALABARZON,01/08/2017
LAGUNA,111,0,01/15/2017,REGION IV-A-CALABARZON,01/15/2017
LAGUNA,91,2,01/22/2017,REGION IV-A-CALABARZON,01/22/2017
LAGUNA,90,2,01/29/2017,REGION IV-A-CALABARZON,01/29/2017
LAGUNA,88,2,02/05/2017,REGION IV-A-CALABARZON,02/05/2017
LAGUNA,95,0,02/12/2017,REGION IV-A-CALABARZON,02/12/2017
LAGUNA,56,0,02/19/2017,REGION IV-A-CALABARZON,02/19/2017
LAGUNA,73,0,02/26/2017,REGION IV-A-CALABARZON,02/26/2017
LAGUNA,78,0,03/05/2017,REGION IV-A-CALABARZON,03/05/2017
LAGUNA,67,0,03/12/2017,REGION IV-A-CALABARZON,03/12/2017
LAGUNA,60,0,03/19/2017,REGION IV-A-CALABARZON,03/19/2017
LAGUNA,53,0,03/26/2017,REGION IV-A-CALABARZON,03/26/2017
LAGUNA,50,0,04/02/2017,REGION IV-A-CALABARZON,04/02/2017
LAGUNA,35,0,04/09/2017,REGION IV-A-CALABARZON,04/09/2017
LAGUNA,18,0,04/16/2017,REGION IV-A-CALABARZON,04/16/2017
LAGUNA,43,0,04/23/2017,REGION IV-A-CALABARZON,04/23/2017
LAGUNA,24,0,04/30/2017,REGION IV-A-CALABARZON,04/30/2017
LAGUNA,25,0,05/07/2017,REGION IV-A-CALABARZON,05/07/2017
LAGUNA,34,0,05/14/2017,REGION IV-A-CALABARZON,05/14/2017
LAGUNA,20,0,05/21/2017,REGION IV-A-CALABARZON,05/21/2017
LAGUNA,37,0,05/28/2017,REGION IV-A-CALABARZON,05/28/2017
LAGUNA,31,1,06/04/2017,REGION IV-A-CALABARZON,06/04/2017
LAGUNA,40,0,06/11/2017,REGION IV-A-CALABARZON,06/11/2017
LAGUNA,47,0,06/18/2017,REGION IV-A-CALABARZON,06/18/2017
LAGUNA,87,0,06/25/2017,REGION IV-A-CALABARZON,06/25/2017
LAGUNA,109,1,07/02/2017,REGION IV-A-CALABARZON,07/02/2017
LAGUNA,107,0,07/09/2017,REGION IV-A-CALABARZON,07/09/2017
LAGUNA,141,0,07/16/2017,REGION IV-A-CALABARZON,07/16/2017
LAGUNA,199,0,07/23/2017,REGION IV-A-CALABARZON,07/23/2017
LAGUNA,171,0,07/30/2017,REGION IV-A-CALABARZON,07/30/2017
LAGUNA,174,0,08/06/2017,REGION IV-A-CALABARZON,08/06/2017
LAGUNA,181,1,08/13/2017,REGION IV-A-CALABARZON,08/13/2017
LAGUNA,172,1,08/20/2017,REGION IV-A-CALABARZON,08/20/2017
LAGUNA,216,0,08/27/2017,REGION IV-A-CALABARZON,08/27/2017
LAGUNA,120,0,09/03/2017,REGION IV-A-CALABARZON,09/03/2017
LAGUNA,147,1,09/10/2017,REGION IV-A-CALABARZON,09/10/2017
LAGUNA,148,1,09/17/2017,REGION IV-A-CALABARZON,09/17/2017
LAGUNA,156,0,09/24/2017,REGION IV-A-CALABARZON,09/24/2017
LAGUNA,108,0,10/01/2017,REGION IV-A-CALABARZON,10/01/2017
LAGUNA,106,0,10/08/2017,REGION IV-A-CALABARZON,10/08/2017
LAGUNA,116,0,10/15/2017,REGION IV-A-CALABARZON,10/15/2017
LAGUNA,113,1,10/22/2017,REGION IV-A-CALABARZON,10/22/2017
LAGUNA,143,0,10/29/2017,REGION IV-A-CALABARZON,10/29/2017
LAGUNA,150,0,11/05/2017,REGION IV-A-CALABARZON,11/05/2017
LAGUNA,161,1,11/12/2017,REGION IV-A-CALABARZON,11/12/2017
LAGUNA,155,0,11/19/2017,REGION IV-A-CALABARZON,11/19/2017
LAGUNA,138,0,11/26/2017,REGION IV-A-CALABARZON,11/26/2017
LAGUNA,155,0,12/03/2017,REGION IV-A-CALABARZON,12/03/2017
LAGUNA,168,0,12/10/2017,REGION IV-A-CALABARZON,12/10/2017
LAGUNA,158,1,12/17/2017,REGION IV-A-CALABARZON,12/17/2017
LAGUNA,91,0,12/24/2017,REGION IV-A-CALABARZON,12/24/2017
LAGUNA,83,1,12/31/2017,REGION IV-A-CALABARZON,12/31/2017
LUCENA CITY,20,1,01/08/2017,REGION IV-A-CALABARZON,01/08/2017
LUCENA CITY,7,0,01/15/2017,REGION IV-A-CALABARZON,01/15/2017
LUCENA CITY,10,0,01/22/2017,REGION IV-A-CALABARZON,01/22/2017
LUCENA CITY,11,0,01/29/2017,REGION IV-A-CALABARZON,01/29/2017
LUCENA CITY,9,0,02/05/2017,REGION IV-A-CALABARZON,02/05/2017
LUCENA CITY,13,0,02/12/2017,REGION IV-A-CALABARZON,02/12/2017
LUCENA CITY,7,0,02/19/2017,REGION IV-A-CALABARZON,02/19/2017
LUCENA CITY,9,0,02/26/2017,REGION IV-A-CALABARZON,02/26/2017
LUCENA CITY,9,0,03/05/2017,REGION IV-A-CALABARZON,03/05/2017
LUCENA CITY,6,0,03/12/2017,REGION IV-A-CALABARZON,03/12/2017
LUCENA CITY,4,0,03/19/2017,REGION IV-A-CALABARZON,03/19/2017
LUCENA CITY,7,0,03/26/2017,REGION IV-A-CALABARZON,03/26/2017
LUCENA CITY,3,0,04/02/2017,REGION IV-A-CALABARZON,04/02/2017
LUCENA CITY,2,0,04/09/2017,REGION IV-A-CALABARZON,04/09/2017
LUCENA CITY,5,0,04/16/2017,REGION IV-A-CALABARZON,04/16/2017
LUCENA CITY,4,0,04/23/2017,REGION IV-A-CALABARZON,04/23/2017
LUCENA CITY,1,0,04/30/2017,REGION IV-A-CALABARZON,04/30/2017
LUCENA CITY,0,0,05/07/2017,REGION IV-A-CALABARZON,05/07/2017
LUCENA CITY,1,0,05/14/2017,REGION IV-A-CALABARZON,05/14/2017
LUCENA CITY,0,0,05/21/2017,REGION IV-A-CALABARZON,05/21/2017
LUCENA CITY,0,0,05/28/2017,REGION IV-A-CALABARZON,05/28/2017
LUCENA CITY,1,0,06/04/2017,REGION IV-A-CALABARZON,06/04/2017
LUCENA CITY,1,0,06/11/2017,REGION IV-A-CALABARZON,06/11/2017
LUCENA CITY,4,0,06/18/2017,REGION IV-A-CALABARZON,06/18/2017
LUCENA CITY,3,0,06/25/2017,REGION IV-A-CALABARZON,06/25/2017
LUCENA CITY,2,0,07/02/2017,REGION IV-A-CALABARZON,07/02/2017
LUCENA CITY,5,0,07/09/2017,REGION IV-A-CALABARZON,07/09/2017
LUCENA CITY,4,0,07/16/2017,REGION IV-A-CALABARZON,07/16/2017
LUCENA CITY,9,0,07/23/2017,REGION IV-A-CALABARZON,07/23/2017
LUCENA CITY,9,0,07/30/2017,REGION IV-A-CALABARZON,07/30/2017
LUCENA CITY,12,0,08/06/2017,REGION IV-A-CALABARZON,08/06/2017
LUCENA CITY,4,0,08/13/2017,REGION IV-A-CALABARZON,08/13/2017
LUCENA CITY,4,0,08/20/2017,REGION IV-A-CALABARZON,08/20/2017
LUCENA CITY,5,0,08/27/2017,REGION IV-A-CALABARZON,08/27/2017
LUCENA CITY,0,0,09/03/2017,REGION IV-A-CALABARZON,09/03/2017
LUCENA CITY,4,0,09/10/2017,REGION IV-A-CALABARZON,09/10/2017
LUCENA CITY,0,0,09/17/2017,REGION IV-A-CALABARZON,09/17/2017
LUCENA CITY,3,0,09/24/2017,REGION IV-A-CALABARZON,09/24/2017
LUCENA CITY,6,0,10/01/2017,REGION IV-A-CALABARZON,10/01/2017
LUCENA CITY,3,0,10/08/2017,REGION IV-A-CALABARZON,10/08/2017
LUCENA CITY,3,0,10/15/2017,REGION IV-A-CALABARZON,10/15/2017
LUCENA CITY,4,0,10/22/2017,REGION IV-A-CALABARZON,10/22/2017
LUCENA CITY,4,0,10/29/2017,REGION IV-A-CALABARZON,10/29/2017
LUCENA CITY,2,0,11/05/2017,REGION IV-A-CALABARZON,11/05/2017
LUCENA CITY,5,0,11/12/2017,REGION IV-A-CALABARZON,11/12/2017
LUCENA CITY,2,0,11/19/2017,REGION IV-A-CALABARZON,11/19/2017
LUCENA CITY,4,0,11/26/2017,REGION IV-A-CALABARZON,11/26/2017
LUCENA CITY,3,0,12/03/2017,REGION IV-A-CALABARZON,12/03/2017
LUCENA CITY,3,0,12/10/2017,REGION IV-A-CALABARZON,12/10/2017
LUCENA CITY,2,0,12/17/2017,REGION IV-A-CALABARZON,12/17/2017
LUCENA CITY,5,0,12/24/2017,REGION IV-A-CALABARZON,12/24/2017
LUCENA CITY,4,0,12/31/2017,REGION IV-A-CALABARZON,12/31/2017
QUEZON,25,0,01/08/2017,REGION IV-A-CALABARZON,01/08/2017
QUEZON,19,0,01/15/2017,REGION IV-A-CALABARZON,01/15/2017
QUEZON,16,0,01/22/2017,REGION IV-A-CALABARZON,01/22/2017
QUEZON,32,0,01/29/2017,REGION IV-A-CALABARZON,01/29/2017
QUEZON,39,0,02/05/2017,REGION IV-A-CALABARZON,02/05/2017
QUEZON,30,0,02/12/2017,REGION IV-A-CALABARZON,02/12/2017
QUEZON,31,0,02/19/2017,REGION IV-A-CALABARZON,02/19/2017
QUEZON,21,0,02/26/2017,REGION IV-A-CALABARZON,02/26/2017
QUEZON,19,0,03/05/2017,REGION IV-A-CALABARZON,03/05/2017
QUEZON,18,0,03/12/2017,REGION IV-A-CALABARZON,03/12/2017
QUEZON,30,0,03/19/2017,REGION IV-A-CALABARZON,03/19/2017
QUEZON,27,0,03/26/2017,REGION IV-A-CALABARZON,03/26/2017
QUEZON,12,0,04/02/2017,REGION IV-A-CALABARZON,04/02/2017
QUEZON,10,0,04/09/2017,REGION IV-A-CALABARZON,04/09/2017
QUEZON,8,0,04/16/2017,REGION IV-A-CALABARZON,04/16/2017
QUEZON,14,0,04/23/2017,REGION IV-A-CALABARZON,04/23/2017
QUEZON,1,0,04/30/2017,REGION IV-A-CALABARZON,04/30/2017
QUEZON,11,0,05/07/2017,REGION IV-A-CALABARZON,05/07/2017
QUEZON,12,0,05/14/2017,REGION IV-A-CALABARZON,05/14/2017
QUEZON,5,0,05/21/2017,REGION IV-A-CALABARZON,05/21/2017
QUEZON,18,0,05/28/2017,REGION IV-A-CALABARZON,05/28/2017
QUEZON,20,0,06/04/2017,REGION IV-A-CALABARZON,06/04/2017
QUEZON,8,0,06/11/2017,REGION IV-A-CALABARZON,06/11/2017
QUEZON,18,0,06/18/2017,REGION IV-A-CALABARZON,06/18/2017
QUEZON,24,0,06/25/2017,REGION IV-A-CALABARZON,06/25/2017
QUEZON,27,0,07/02/2017,REGION IV-A-CALABARZON,07/02/2017
QUEZON,23,0,07/09/2017,REGION IV-A-CALABARZON,07/09/2017
QUEZON,43,0,07/16/2017,REGION IV-A-CALABARZON,07/16/2017
QUEZON,37,0,07/23/2017,REGION IV-A-CALABARZON,07/23/2017
QUEZON,39,0,07/30/2017,REGION IV-A-CALABARZON,07/30/2017
QUEZON,44,0,08/06/2017,REGION IV-A-CALABARZON,08/06/2017
QUEZON,36,0,08/13/2017,REGION IV-A-CALABARZON,08/13/2017
QUEZON,29,0,08/20/2017,REGION IV-A-CALABARZON,08/20/2017
QUEZON,44,0,08/27/2017,REGION IV-A-CALABARZON,08/27/2017
QUEZON,35,0,09/03/2017,REGION IV-A-CALABARZON,09/03/2017
QUEZON,40,0,09/10/2017,REGION IV-A-CALABARZON,09/10/2017
QUEZON,23,0,09/17/2017,REGION IV-A-CALABARZON,09/17/2017
QUEZON,33,0,09/24/2017,REGION IV-A-CALABARZON,09/24/2017
QUEZON,47,0,10/01/2017,REGION IV-A-CALABARZON,10/01/2017
QUEZON,48,0,10/08/2017,REGION IV-A-CALABARZON,10/08/2017
QUEZON,39,0,10/15/2017,REGION IV-A-CALABARZON,10/15/2017
QUEZON,36,0,10/22/2017,REGION IV-A-CALABARZON,10/22/2017
QUEZON,45,0,10/29/2017,REGION IV-A-CALABARZON,10/29/2017
QUEZON,45,1,11/05/2017,REGION IV-A-CALABARZON,11/05/2017
QUEZON,45,0,11/12/2017,REGION IV-A-CALABARZON,11/12/2017
QUEZON,42,0,11/19/2017,REGION IV-A-CALABARZON,11/19/2017
QUEZON,51,0,11/26/2017,REGION IV-A-CALABARZON,11/26/2017
QUEZON,39,0,12/03/2017,REGION IV-A-CALABARZON,12/03/2017
QUEZON,51,0,12/10/2017,REGION IV-A-CALABARZON,12/10/2017
QUEZON,21,0,12/17/2017,REGION IV-A-CALABARZON,12/17/2017
QUEZON,25,0,12/24/2017,REGION IV-A-CALABARZON,12/24/2017
QUEZON,5,0,12/31/2017,REGION IV-A-CALABARZON,12/31/2017
RIZAL,73,1,01/08/2017,REGION IV-A-CALABARZON,01/08/2017
RIZAL,70,1,01/15/2017,REGION IV-A-CALABARZON,01/15/2017
RIZAL,68,2,01/22/2017,REGION IV-A-CALABARZON,01/22/2017
RIZAL,72,0,01/29/2017,REGION IV-A-CALABARZON,01/29/2017
RIZAL,70,0,02/05/2017,REGION IV-A-CALABARZON,02/05/2017
RIZAL,67,0,02/12/2017,REGION IV-A-CALABARZON,02/12/2017
RIZAL,71,0,02/19/2017,REGION IV-A-CALABARZON,02/19/2017
RIZAL,71,0,02/26/2017,REGION IV-A-CALABARZON,02/26/2017
RIZAL,52,0,03/05/2017,REGION IV-A-CALABARZON,03/05/2017
RIZAL,63,0,03/12/2017,REGION IV-A-CALABARZON,03/12/2017
RIZAL,53,0,03/19/2017,REGION IV-A-CALABARZON,03/19/2017
RIZAL,58,0,03/26/2017,REGION IV-A-CALABARZON,03/26/2017
RIZAL,49,0,04/02/2017,REGION IV-A-CALABARZON,04/02/2017
RIZAL,39,0,04/09/2017,REGION IV-A-CALABARZON,04/09/2017
RIZAL,35,0,04/16/2017,REGION IV-A-CALABARZON,04/16/2017
RIZAL,39,0,04/23/2017,REGION IV-A-CALABARZON,04/23/2017
RIZAL,17,0,04/30/2017,REGION IV-A-CALABARZON,04/30/2017
RIZAL,26,0,05/07/2017,REGION IV-A-CALABARZON,05/07/2017
RIZAL,24,0,05/14/2017,REGION IV-A-CALABARZON,05/14/2017
RIZAL,24,0,05/21/2017,REGION IV-A-CALABARZON,05/21/2017
RIZAL,21,0,05/28/2017,REGION IV-A-CALABARZON,05/28/2017
RIZAL,28,0,06/04/2017,REGION IV-A-CALABARZON,06/04/2017
RIZAL,27,0,06/11/2017,REGION IV-A-CALABARZON,06/11/2017
RIZAL,53,1,06/18/2017,REGION IV-A-CALABARZON,06/18/2017
RIZAL,45,0,06/25/2017,REGION IV-A-CALABARZON,06/25/2017
RIZAL,54,0,07/02/2017,REGION IV-A-CALABARZON,07/02/2017
RIZAL,54,0,07/09/2017,REGION IV-A-CALABARZON,07/09/2017
RIZAL,106,1,07/16/2017,REGION IV-A-CALABARZON,07/16/2017
RIZAL,142,1,07/23/2017,REGION IV-A-CALABARZON,07/23/2017
RIZAL,117,1,07/30/2017,REGION IV-A-CALABARZON,07/30/2017
RIZAL,157,0,08/06/2017,REGION IV-A-CALABARZON,08/06/2017
RIZAL,201,0,08/13/2017,REGION IV-A-CALABARZON,08/13/2017
RIZAL,185,1,08/20/2017,REGION IV-A-CALABARZON,08/20/2017
RIZAL,204,3,08/27/2017,REGION IV-A-CALABARZON,08/27/2017
RIZAL,156,2,09/03/2017,REGION IV-A-CALABARZON,09/03/2017
RIZAL,157,0,09/10/2017,REGION IV-A-CALABARZON,09/10/2017
RIZAL,146,1,09/17/2017,REGION IV-A-CALABARZON,09/17/2017
RIZAL,99,1,09/24/2017,REGION IV-A-CALABARZON,09/24/2017
RIZAL,76,1,10/01/2017,REGION IV-A-CALABARZON,10/01/2017
RIZAL,99,1,10/08/2017,REGION IV-A-CALABARZON,10/08/2017
RIZAL,100,0,10/15/2017,REGION IV-A-CALABARZON,10/15/2017
RIZAL,98,3,10/22/2017,REGION IV-A-CALABARZON,10/22/2017
RIZAL,116,1,10/29/2017,REGION IV-A-CALABARZON,10/29/2017
RIZAL,92,2,11/05/2017,REGION IV-A-CALABARZON,11/05/2017
RIZAL,123,2,11/12/2017,REGION IV-A-CALABARZON,11/12/2017
RIZAL,121,0,11/19/2017,REGION IV-A-CALABARZON,11/19/2017
RIZAL,118,0,11/26/2017,REGION IV-A-CALABARZON,11/26/2017
RIZAL,97,5,12/03/2017,REGION IV-A-CALABARZON,12/03/2017
RIZAL,92,2,12/10/2017,REGION IV-A-CALABARZON,12/10/2017
RIZAL,84,0,12/17/2017,REGION IV-A-CALABARZON,12/17/2017
RIZAL,52,0,12/24/2017,REGION IV-A-CALABARZON,12/24/2017
RIZAL,47,1,12/31/2017,REGION IV-A-CALABARZON,12/31/2017
BATANGAS,95,2,01/07/2018,REGION IV-A-CALABARZON,01/07/2018
BATANGAS,75,0,01/14/2018,REGION IV-A-CALABARZON,01/14/2018
BATANGAS,101,1,01/21/2018,REGION IV-A-CALABARZON,01/21/2018
BATANGAS,93,1,01/28/2018,REGION IV-A-CALABARZON,01/28/2018
BATANGAS,90,0,02/04/2018,REGION IV-A-CALABARZON,02/04/2018
BATANGAS,76,1,02/11/2018,REGION IV-A-CALABARZON,02/11/2018
BATANGAS,56,0,02/18/2018,REGION IV-A-CALABARZON,02/18/2018
BATANGAS,56,0,02/25/2018,REGION IV-A-CALABARZON,02/25/2018
BATANGAS,49,1,03/04/2018,REGION IV-A-CALABARZON,03/04/2018
BATANGAS,41,0,03/11/2018,REGION IV-A-CALABARZON,03/11/2018
BATANGAS,57,0,03/18/2018,REGION IV-A-CALABARZON,03/18/2018
BATANGAS,40,0,03/25/2018,REGION IV-A-CALABARZON,03/25/2018
BATANGAS,36,0,04/01/2018,REGION IV-A-CALABARZON,04/01/2018
BATANGAS,26,0,04/08/2018,REGION IV-A-CALABARZON,04/08/2018
BATANGAS,24,0,04/15/2018,REGION IV-A-CALABARZON,04/15/2018
BATANGAS,21,0,04/22/2018,REGION IV-A-CALABARZON,04/22/2018
BATANGAS,25,0,04/29/2018,REGION IV-A-CALABARZON,04/29/2018
BATANGAS,27,0,05/06/2018,REGION IV-A-CALABARZON,05/06/2018
BATANGAS,40,0,05/13/2018,REGION IV-A-CALABARZON,05/13/2018
BATANGAS,21,0,05/20/2018,REGION IV-A-CALABARZON,05/20/2018
BATANGAS,50,2,05/27/2018,REGION IV-A-CALABARZON,05/27/2018
BATANGAS,39,0,06/03/2018,REGION IV-A-CALABARZON,06/03/2018
BATANGAS,34,0,06/10/2018,REGION IV-A-CALABARZON,06/10/2018
BATANGAS,41,0,06/17/2018,REGION IV-A-CALABARZON,06/17/2018
BATANGAS,64,0,06/24/2018,REGION IV-A-CALABARZON,06/24/2018
BATANGAS,70,0,07/01/2018,REGION IV-A-CALABARZON,07/01/2018
BATANGAS,84,0,07/08/2018,REGION IV-A-CALABARZON,07/08/2018
BATANGAS,137,0,07/15/2018,REGION IV-A-CALABARZON,07/15/2018
BATANGAS,106,1,07/22/2018,REGION IV-A-CALABARZON,07/22/2018
BATANGAS,136,2,07/29/2018,REGION IV-A-CALABARZON,07/29/2018
BATANGAS,156,0,08/05/2018,REGION IV-A-CALABARZON,08/05/2018
BATANGAS,173,0,08/12/2018,REGION IV-A-CALABARZON,08/12/2018
BATANGAS,139,0,08/19/2018,REGION IV-A-CALABARZON,08/19/2018
BATANGAS,184,0,08/26/2018,REGION IV-A-CALABARZON,08/26/2018
BATANGAS,176,1,09/02/2018,REGION IV-A-CALABARZON,09/02/2018
BATANGAS,209,0,09/09/2018,REGION IV-A-CALABARZON,09/09/2018
BATANGAS,175,0,09/16/2018,REGION IV-A-CALABARZON,09/16/2018
BATANGAS,173,2,09/23/2018,REGION IV-A-CALABARZON,09/23/2018
BATANGAS,166,2,09/30/2018,REGION IV-A-CALABARZON,09/30/2018
BATANGAS,162,0,10/07/2018,REGION IV-A-CALABARZON,10/07/2018
BATANGAS,151,1,10/14/2018,REGION IV-A-CALABARZON,10/14/2018
BATANGAS,171,0,10/21/2018,REGION IV-A-CALABARZON,10/21/2018
BATANGAS,138,1,10/28/2018,REGION IV-A-CALABARZON,10/28/2018
BATANGAS,120,2,11/04/2018,REGION IV-A-CALABARZON,11/04/2018
BATANGAS,152,0,11/11/2018,REGION IV-A-CALABARZON,11/11/2018
BATANGAS,109,0,11/18/2018,REGION IV-A-CALABARZON,11/18/2018
BATANGAS,113,0,11/25/2018,REGION IV-A-CALABARZON,11/25/2018
BATANGAS,104,1,12/02/2018,REGION IV-A-CALABARZON,12/02/2018
BATANGAS,110,0,12/09/2018,REGION IV-A-CALABARZON,12/09/2018
BATANGAS,97,1,12/16/2018,REGION IV-A-CALABARZON,12/16/2018
BATANGAS,81,0,12/23/2018,REGION IV-A-CALABARZON,12/23/2018
BATANGAS,92,0,12/30/2018,REGION IV-A-CALABARZON,12/30/2018
CAVITE,197,2,01/07/2018,REGION IV-A-CALABARZON,01/07/2018
CAVITE,236,1,01/14/2018,REGION IV-A-CALABARZON,01/14/2018
CAVITE,226,1,01/21/2018,REGION IV-A-CALABARZON,01/21/2018
CAVITE,258,1,01/28/2018,REGION IV-A-CALABARZON,01/28/2018
CAVITE,206,0,02/04/2018,REGION IV-A-CALABARZON,02/04/2018
CAVITE,180,2,02/11/2018,REGION IV-A-CALABARZON,02/11/2018
CAVITE,136,1,02/18/2018,REGION IV-A-CALABARZON,02/18/2018
CAVITE,145,0,02/25/2018,REGION IV-A-CALABARZON,02/25/2018
CAVITE,183,0,03/04/2018,REGION IV-A-CALABARZON,03/04/2018
CAVITE,118,1,03/11/2018,REGION IV-A-CALABARZON,03/11/2018
CAVITE,89,0,03/18/2018,REGION IV-A-CALABARZON,03/18/2018
CAVITE,56,0,03/25/2018,REGION IV-A-CALABARZON,03/25/2018
CAVITE,54,0,04/01/2018,REGION IV-A-CALABARZON,04/01/2018
CAVITE,45,4,04/08/2018,REGION IV-A-CALABARZON,04/08/2018
CAVITE,44,1,04/15/2018,REGION IV-A-CALABARZON,04/15/2018
CAVITE,45,0,04/22/2018,REGION IV-A-CALABARZON,04/22/2018
CAVITE,41,0,04/29/2018,REGION IV-A-CALABARZON,04/29/2018
CAVITE,28,0,05/06/2018,REGION IV-A-CALABARZON,05/06/2018
CAVITE,35,0,05/13/2018,REGION IV-A-CALABARZON,05/13/2018
CAVITE,33,0,05/20/2018,REGION IV-A-CALABARZON,05/20/2018
CAVITE,35,0,05/27/2018,REGION IV-A-CALABARZON,05/27/2018
CAVITE,44,0,06/03/2018,REGION IV-A-CALABARZON,06/03/2018
CAVITE,35,0,06/10/2018,REGION IV-A-CALABARZON,06/10/2018
CAVITE,34,0,06/17/2018,REGION IV-A-CALABARZON,06/17/2018
CAVITE,52,0,06/24/2018,REGION IV-A-CALABARZON,06/24/2018
CAVITE,54,0,07/01/2018,REGION IV-A-CALABARZON,07/01/2018
CAVITE,58,0,07/08/2018,REGION IV-A-CALABARZON,07/08/2018
CAVITE,79,1,07/15/2018,REGION IV-A-CALABARZON,07/15/2018
CAVITE,110,0,07/22/2018,REGION IV-A-CALABARZON,07/22/2018
CAVITE,120,0,07/29/2018,REGION IV-A-CALABARZON,07/29/2018
CAVITE,142,1,08/05/2018,REGION IV-A-CALABARZON,08/05/2018
CAVITE,129,0,08/12/2018,REGION IV-A-CALABARZON,08/12/2018
CAVITE,135,0,08/19/2018,REGION IV-A-CALABARZON,08/19/2018
CAVITE,139,0,08/26/2018,REGION IV-A-CALABARZON,08/26/2018
CAVITE,134,1,09/02/2018,REGION IV-A-CALABARZON,09/02/2018
CAVITE,177,0,09/09/2018,REGION IV-A-CALABARZON,09/09/2018
CAVITE,218,1,09/16/2018,REGION IV-A-CALABARZON,09/16/2018
CAVITE,190,1,09/23/2018,REGION IV-A-CALABARZON,09/23/2018
CAVITE,172,1,09/30/2018,REGION IV-A-CALABARZON,09/30/2018
CAVITE,204,2,10/07/2018,REGION IV-A-CALABARZON,10/07/2018
CAVITE,246,2,10/14/2018,REGION IV-A-CALABARZON,10/14/2018
CAVITE,234,2,10/21/2018,REGION IV-A-CALABARZON,10/21/2018
CAVITE,267,0,10/28/2018,REGION IV-A-CALABARZON,10/28/2018
CAVITE,252,2,11/04/2018,REGION IV-A-CALABARZON,11/04/2018
CAVITE,281,0,11/11/2018,REGION IV-A-CALABARZON,11/11/2018
CAVITE,313,2,11/18/2018,REGION IV-A-CALABARZON,11/18/2018
CAVITE,295,2,11/25/2018,REGION IV-A-CALABARZON,11/25/2018
CAVITE,238,1,12/02/2018,REGION IV-A-CALABARZON,12/02/2018
CAVITE,245,0,12/09/2018,REGION IV-A-CALABARZON,12/09/2018
CAVITE,141,0,12/16/2018,REGION IV-A-CALABARZON,12/16/2018
CAVITE,163,1,12/23/2018,REGION IV-A-CALABARZON,12/23/2018
CAVITE,178,0,12/30/2018,REGION IV-A-CALABARZON,12/30/2018
LAGUNA,118,0,01/07/2018,REGION IV-A-CALABARZON,01/07/2018
LAGUNA,143,1,01/14/2018,REGION IV-A-CALABARZON,01/14/2018
LAGUNA,136,2,01/21/2018,REGION IV-A-CALABARZON,01/21/2018
LAGUNA,117,1,01/28/2018,REGION IV-A-CALABARZON,01/28/2018
LAGUNA,123,1,02/04/2018,REGION IV-A-CALABARZON,02/04/2018
LAGUNA,95,0,02/11/2018,REGION IV-A-CALABARZON,02/11/2018
LAGUNA,96,0,02/18/2018,REGION IV-A-CALABARZON,02/18/2018
LAGUNA,81,0,02/25/2018,REGION IV-A-CALABARZON,02/25/2018
LAGUNA,92,1,03/04/2018,REGION IV-A-CALABARZON,03/04/2018
LAGUNA,80,0,03/11/2018,REGION IV-A-CALABARZON,03/11/2018
LAGUNA,82,0,03/18/2018,REGION IV-A-CALABARZON,03/18/2018
LAGUNA,63,0,03/25/2018,REGION IV-A-CALABARZON,03/25/2018
LAGUNA,67,0,04/01/2018,REGION IV-A-CALABARZON,04/01/2018
LAGUNA,43,0,04/08/2018,REGION IV-A-CALABARZON,04/08/2018
LAGUNA,38,0,04/15/2018,REGION IV-A-CALABARZON,04/15/2018
LAGUNA,46,0,04/22/2018,REGION IV-A-CALABARZON,04/22/2018
LAGUNA,33,0,04/29/2018,REGION IV-A-CALABARZON,04/29/2018
LAGUNA,38,0,05/06/2018,REGION IV-A-CALABARZON,05/06/2018
LAGUNA,24,0,05/13/2018,REGION IV-A-CALABARZON,05/13/2018
LAGUNA,30,1,05/20/2018,REGION IV-A-CALABARZON,05/20/2018
LAGUNA,28,0,05/27/2018,REGION IV-A-CALABARZON,05/27/2018
LAGUNA,26,0,06/03/2018,REGION IV-A-CALABARZON,06/03/2018
LAGUNA,42,0,06/10/2018,REGION IV-A-CALABARZON,06/10/2018
LAGUNA,47,0,06/17/2018,REGION IV-A-CALABARZON,06/17/2018
LAGUNA,43,0,06/24/2018,REGION IV-A-CALABARZON,06/24/2018
LAGUNA,53,0,07/01/2018,REGION IV-A-CALABARZON,07/01/2018
LAGUNA,72,0,07/08/2018,REGION IV-A-CALABARZON,07/08/2018
LAGUNA,80,1,07/15/2018,REGION IV-A-CALABARZON,07/15/2018
LAGUNA,98,0,07/22/2018,REGION IV-A-CALABARZON,07/22/2018
LAGUNA,119,0,07/29/2018,REGION IV-A-CALABARZON,07/29/2018
LAGUNA,168,2,08/05/2018,REGION IV-A-CALABARZON,08/05/2018
LAGUNA,181,1,08/12/2018,REGION IV-A-CALABARZON,08/12/2018
LAGUNA,166,0,08/19/2018,REGION IV-A-CALABARZON,08/19/2018
LAGUNA,189,1,08/26/2018,REGION IV-A-CALABARZON,08/26/2018
LAGUNA,209,1,09/02/2018,REGION IV-A-CALABARZON,09/02/2018
LAGUNA,188,1,09/09/2018,REGION IV-A-CALABARZON,09/09/2018
LAGUNA,169,0,09/16/2018,REGION IV-A-CALABARZON,09/16/2018
LAGUNA,156,0,09/23/2018,REGION IV-A-CALABARZON,09/23/2018
LAGUNA,173,0,09/30/2018,REGION IV-A-CALABARZON,09/30/2018
LAGUNA,226,1,10/07/2018,REGION IV-A-CALABARZON,10/07/2018
LAGUNA,202,0,10/14/2018,REGION IV-A-CALABARZON,10/14/2018
LAGUNA,239,1,10/21/2018,REGION IV-A-CALABARZON,10/21/2018
LAGUNA,192,1,10/28/2018,REGION IV-A-CALABARZON,10/28/2018
LAGUNA,161,0,11/04/2018,REGION IV-A-CALABARZON,11/04/2018
LAGUNA,186,4,11/11/2018,REGION IV-A-CALABARZON,11/11/2018
LAGUNA,176,0,11/18/2018,REGION IV-A-CALABARZON,11/18/2018
LAGUNA,152,0,11/25/2018,REGION IV-A-CALABARZON,11/25/2018
LAGUNA,136,0,12/02/2018,REGION IV-A-CALABARZON,12/02/2018
LAGUNA,161,0,12/09/2018,REGION IV-A-CALABARZON,12/09/2018
LAGUNA,127,0,12/16/2018,REGION IV-A-CALABARZON,12/16/2018
LAGUNA,99,0,12/23/2018,REGION IV-A-CALABARZON,12/23/2018
LAGUNA,89,0,12/30/2018,REGION IV-A-CALABARZON,12/30/2018
LUCENA CITY,9,0,01/07/2018,REGION IV-A-CALABARZON,01/07/2018
LUCENA CITY,15,1,01/14/2018,REGION IV-A-CALABARZON,01/14/2018
LUCENA CITY,8,0,01/21/2018,REGION IV-A-CALABARZON,01/21/2018
LUCENA CITY,9,0,01/28/2018,REGION IV-A-CALABARZON,01/28/2018
LUCENA CITY,7,0,02/04/2018,REGION IV-A-CALABARZON,02/04/2018
LUCENA CITY,7,0,02/11/2018,REGION IV-A-CALABARZON,02/11/2018
LUCENA CITY,2,0,02/18/2018,REGION IV-A-CALABARZON,02/18/2018
LUCENA CITY,1,0,02/25/2018,REGION IV-A-CALABARZON,02/25/2018
LUCENA CITY,7,0,03/04/2018,REGION IV-A-CALABARZON,03/04/2018
LUCENA CITY,3,0,03/11/2018,REGION IV-A-CALABARZON,03/11/2018
LUCENA CITY,2,0,03/18/2018,REGION IV-A-CALABARZON,03/18/2018
LUCENA CITY,2,0,03/25/2018,REGION IV-A-CALABARZON,03/25/2018
LUCENA CITY,8,0,04/01/2018,REGION IV-A-CALABARZON,04/01/2018
LUCENA CITY,3,0,04/08/2018,REGION IV-A-CALABARZON,04/08/2018
LUCENA CITY,0,0,04/15/2018,REGION IV-A-CALABARZON,04/15/2018
LUCENA CITY,4,0,04/22/2018,REGION IV-A-CALABARZON,04/22/2018
LUCENA CITY,1,0,04/29/2018,REGION IV-A-CALABARZON,04/29/2018
LUCENA CITY,3,0,05/06/2018,REGION IV-A-CALABARZON,05/06/2018
LUCENA CITY,3,0,05/13/2018,REGION IV-A-CALABARZON,05/13/2018
LUCENA CITY,1,0,05/20/2018,REGION IV-A-CALABARZON,05/20/2018
LUCENA CITY,4,0,05/27/2018,REGION IV-A-CALABARZON,05/27/2018
LUCENA CITY,4,0,06/03/2018,REGION IV-A-CALABARZON,06/03/2018
LUCENA CITY,5,0,06/10/2018,REGION IV-A-CALABARZON,06/10/2018
LUCENA CITY,2,0,06/17/2018,REGION IV-A-CALABARZON,06/17/2018
LUCENA CITY,10,0,06/24/2018,REGION IV-A-CALABARZON,06/24/2018
LUCENA CITY,11,0,07/01/2018,REGION IV-A-CALABARZON,07/01/2018
LUCENA CITY,14,0,07/08/2018,REGION IV-A-CALABARZON,07/08/2018
LUCENA CITY,15,0,07/15/2018,REGION IV-A-CALABARZON,07/15/2018
LUCENA CITY,6,0,07/22/2018,REGION IV-A-CALABARZON,07/22/2018
LUCENA CITY,10,0,07/29/2018,REGION IV-A-CALABARZON,07/29/2018
LUCENA CITY,20,0,08/05/2018,REGION IV-A-CALABARZON,08/05/2018
LUCENA CITY,33,0,08/12/2018,REGION IV-A-CALABARZON,08/12/2018
LUCENA CITY,19,0,08/19/2018,REGION IV-A-CALABARZON,08/19/2018
LUCENA CITY,27,0,08/26/2018,REGION IV-A-CALABARZON,08/26/2018
LUCENA CITY,27,0,09/02/2018,REGION IV-A-CALABARZON,09/02/2018
LUCENA CITY,38,0,09/09/2018,REGION IV-A-CALABARZON,09/09/2018
LUCENA CITY,16,1,09/16/2018,REGION IV-A-CALABARZON,09/16/2018
LUCENA CITY,14,0,09/23/2018,REGION IV-A-CALABARZON,09/23/2018
LUCENA CITY,36,0,09/30/2018,REGION IV-A-CALABARZON,09/30/2018
LUCENA CITY,24,0,10/07/2018,REGION IV-A-CALABARZON,10/07/2018
LUCENA CITY,40,0,10/14/2018,REGION IV-A-CALABARZON,10/14/2018
LUCENA CITY,31,0,10/21/2018,REGION IV-A-CALABARZON,10/21/2018
LUCENA CITY,30,0,10/28/2018,REGION IV-A-CALABARZON,10/28/2018
LUCENA CITY,17,0,11/04/2018,REGION IV-A-CALABARZON,11/04/2018
LUCENA CITY,26,0,11/11/2018,REGION IV-A-CALABARZON,11/11/2018
LUCENA CITY,24,0,11/18/2018,REGION IV-A-CALABARZON,11/18/2018
LUCENA CITY,21,0,11/25/2018,REGION IV-A-CALABARZON,11/25/2018
LUCENA CITY,16,0,12/02/2018,REGION IV-A-CALABARZON,12/02/2018
LUCENA CITY,22,0,12/09/2018,REGION IV-A-CALABARZON,12/09/2018
LUCENA CITY,5,0,12/16/2018,REGION IV-A-CALABARZON,12/16/2018
LUCENA CITY,10,0,12/23/2018,REGION IV-A-CALABARZON,12/23/2018
LUCENA CITY,29,0,12/30/2018,REGION IV-A-CALABARZON,12/30/2018
QUEZON,37,0,01/07/2018,REGION IV-A-CALABARZON,01/07/2018
QUEZON,33,1,01/14/2018,REGION IV-A-CALABARZON,01/14/2018
QUEZON,31,0,01/21/2018,REGION IV-A-CALABARZON,01/21/2018
QUEZON,40,0,01/28/2018,REGION IV-A-CALABARZON,01/28/2018
QUEZON,51,0,02/04/2018,REGION IV-A-CALABARZON,02/04/2018
QUEZON,27,0,02/11/2018,REGION IV-A-CALABARZON,02/11/2018
QUEZON,23,0,02/18/2018,REGION IV-A-CALABARZON,02/18/2018
QUEZON,32,0,02/25/2018,REGION IV-A-CALABARZON,02/25/2018
QUEZON,29,0,03/04/2018,REGION IV-A-CALABARZON,03/04/2018
QUEZON,26,0,03/11/2018,REGION IV-A-CALABARZON,03/11/2018
QUEZON,32,0,03/18/2018,REGION IV-A-CALABARZON,03/18/2018
QUEZON,15,0,03/25/2018,REGION IV-A-CALABARZON,03/25/2018
QUEZON,15,0,04/01/2018,REGION IV-A-CALABARZON,04/01/2018
QUEZON,21,0,04/08/2018,REGION IV-A-CALABARZON,04/08/2018
QUEZON,12,0,04/15/2018,REGION IV-A-CALABARZON,04/15/2018
QUEZON,10,0,04/22/2018,REGION IV-A-CALABARZON,04/22/2018
QUEZON,19,0,04/29/2018,REGION IV-A-CALABARZON,04/29/2018
QUEZON,10,0,05/06/2018,REGION IV-A-CALABARZON,05/06/2018
QUEZON,10,0,05/13/2018,REGION IV-A-CALABARZON,05/13/2018
QUEZON,13,0,05/20/2018,REGION IV-A-CALABARZON,05/20/2018
QUEZON,16,0,05/27/2018,REGION IV-A-CALABARZON,05/27/2018
QUEZON,28,0,06/03/2018,REGION IV-A-CALABARZON,06/03/2018
QUEZON,24,0,06/10/2018,REGION IV-A-CALABARZON,06/10/2018
QUEZON,41,0,06/17/2018,REGION IV-A-CALABARZON,06/17/2018
QUEZON,50,0,06/24/2018,REGION IV-A-CALABARZON,06/24/2018
QUEZON,67,0,07/01/2018,REGION IV-A-CALABARZON,07/01/2018
QUEZON,41,0,07/08/2018,REGION IV-A-CALABARZON,07/08/2018
QUEZON,48,0,07/15/2018,REGION IV-A-CALABARZON,07/15/2018
QUEZON,58,1,07/22/2018,REGION IV-A-CALABARZON,07/22/2018
QUEZON,67,0,07/29/2018,REGION IV-A-CALABARZON,07/29/2018
QUEZON,78,1,08/05/2018,REGION IV-A-CALABARZON,08/05/2018
QUEZON,113,0,08/12/2018,REGION IV-A-CALABARZON,08/12/2018
QUEZON,103,0,08/19/2018,REGION IV-A-CALABARZON,08/19/2018
QUEZON,112,0,08/26/2018,REGION IV-A-CALABARZON,08/26/2018
QUEZON,136,0,09/02/2018,REGION IV-A-CALABARZON,09/02/2018
QUEZON,121,0,09/09/2018,REGION IV-A-CALABARZON,09/09/2018
QUEZON,101,2,09/16/2018,REGION IV-A-CALABARZON,09/16/2018
QUEZON,88,2,09/23/2018,REGION IV-A-CALABARZON,09/23/2018
QUEZON,135,1,09/30/2018,REGION IV-A-CALABARZON,09/30/2018
QUEZON,128,0,10/07/2018,REGION IV-A-CALABARZON,10/07/2018
QUEZON,176,1,10/14/2018,REGION IV-A-CALABARZON,10/14/2018
QUEZON,146,0,10/21/2018,REGION IV-A-CALABARZON,10/21/2018
QUEZON,173,0,10/28/2018,REGION IV-A-CALABARZON,10/28/2018
QUEZON,176,0,11/04/2018,REGION IV-A-CALABARZON,11/04/2018
QUEZON,180,0,11/11/2018,REGION IV-A-CALABARZON,11/11/2018
QUEZON,160,0,11/18/2018,REGION IV-A-CALABARZON,11/18/2018
QUEZON,145,1,11/25/2018,REGION IV-A-CALABARZON,11/25/2018
QUEZON,124,0,12/02/2018,REGION IV-A-CALABARZON,12/02/2018
QUEZON,169,0,12/09/2018,REGION IV-A-CALABARZON,12/09/2018
QUEZON,98,0,12/16/2018,REGION IV-A-CALABARZON,12/16/2018
QUEZON,83,0,12/23/2018,REGION IV-A-CALABARZON,12/23/2018
QUEZON,61,0,12/30/2018,REGION IV-A-CALABARZON,12/30/2018
RIZAL,102,0,01/07/2018,REGION IV-A-CALABARZON,01/07/2018
RIZAL,121,1,01/14/2018,REGION IV-A-CALABARZON,01/14/2018
RIZAL,131,1,01/21/2018,REGION IV-A-CALABARZON,01/21/2018
RIZAL,126,0,01/28/2018,REGION IV-A-CALABARZON,01/28/2018
RIZAL,131,1,02/04/2018,REGION IV-A-CALABARZON,02/04/2018
RIZAL,137,1,02/11/2018,REGION IV-A-CALABARZON,02/11/2018
RIZAL,97,2,02/18/2018,REGION IV-A-CALABARZON,02/18/2018
RIZAL,120,0,02/25/2018,REGION IV-A-CALABARZON,02/25/2018
RIZAL,151,2,03/04/2018,REGION IV-A-CALABARZON,03/04/2018
RIZAL,105,3,03/11/2018,REGION IV-A-CALABARZON,03/11/2018
RIZAL,110,1,03/18/2018,REGION IV-A-CALABARZON,03/18/2018
RIZAL,62,1,03/25/2018,REGION IV-A-CALABARZON,03/25/2018
RIZAL,49,1,04/01/2018,REGION IV-A-CALABARZON,04/01/2018
RIZAL,60,2,04/08/2018,REGION IV-A-CALABARZON,04/08/2018
RIZAL,53,0,04/15/2018,REGION IV-A-CALABARZON,04/15/2018
RIZAL,52,1,04/22/2018,REGION IV-A-CALABARZON,04/22/2018
RIZAL,51,1,04/29/2018,REGION IV-A-CALABARZON,04/29/2018
RIZAL,39,0,05/06/2018,REGION IV-A-CALABARZON,05/06/2018
RIZAL,46,0,05/13/2018,REGION IV-A-CALABARZON,05/13/2018
RIZAL,69,1,05/20/2018,REGION IV-A-CALABARZON,05/20/2018
RIZAL,72,0,05/27/2018,REGION IV-A-CALABARZON,05/27/2018
RIZAL,74,0,06/03/2018,REGION IV-A-CALABARZON,06/03/2018
RIZAL,73,2,06/10/2018,REGION IV-A-CALABARZON,06/10/2018
RIZAL,73,0,06/17/2018,REGION IV-A-CALABARZON,06/17/2018
RIZAL,106,0,06/24/2018,REGION IV-A-CALABARZON,06/24/2018
RIZAL,153,4,07/01/2018,REGION IV-A-CALABARZON,07/01/2018
RIZAL,185,1,07/08/2018,REGION IV-A-CALABARZON,07/08/2018
RIZAL,229,3,07/15/2018,REGION IV-A-CALABARZON,07/15/2018
RIZAL,208,1,07/22/2018,REGION IV-A-CALABARZON,07/22/2018
RIZAL,305,2,07/29/2018,REGION IV-A-CALABARZON,07/29/2018
RIZAL,332,1,08/05/2018,REGION IV-A-CALABARZON,08/05/2018
RIZAL,342,3,08/12/2018,REGION IV-A-CALABARZON,08/12/2018
RIZAL,350,4,08/19/2018,REGION IV-A-CALABARZON,08/19/2018
RIZAL,326,4,08/26/2018,REGION IV-A-CALABARZON,08/26/2018
RIZAL,348,2,09/02/2018,REGION IV-A-CALABARZON,09/02/2018
RIZAL,291,2,09/09/2018,REGION IV-A-CALABARZON,09/09/2018
RIZAL,216,4,09/16/2018,REGION IV-A-CALABARZON,09/16/2018
RIZAL,249,2,09/23/2018,REGION IV-A-CALABARZON,09/23/2018
RIZAL,196,4,09/30/2018,REGION IV-A-CALABARZON,09/30/2018
RIZAL,198,2,10/07/2018,REGION IV-A-CALABARZON,10/07/2018
RIZAL,182,1,10/14/2018,REGION IV-A-CALABARZON,10/14/2018
RIZAL,173,1,10/21/2018,REGION IV-A-CALABARZON,10/21/2018
RIZAL,181,2,10/28/2018,REGION IV-A-CALABARZON,10/28/2018
RIZAL,152,0,11/04/2018,REGION IV-A-CALABARZON,11/04/2018
RIZAL,137,2,11/11/2018,REGION IV-A-CALABARZON,11/11/2018
RIZAL,130,1,11/18/2018,REGION IV-A-CALABARZON,11/18/2018
RIZAL,97,0,11/25/2018,REGION IV-A-CALABARZON,11/25/2018
RIZAL,105,0,12/02/2018,REGION IV-A-CALABARZON,12/02/2018
RIZAL,95,0,12/09/2018,REGION IV-A-CALABARZON,12/09/2018
RIZAL,96,1,12/16/2018,REGION IV-A-CALABARZON,12/16/2018
RIZAL,84,0,12/23/2018,REGION IV-A-CALABARZON,12/23/2018
RIZAL,79,0,12/30/2018,REGION IV-A-CALABARZON,12/30/2018
BATANGAS,53,0,01/13/2019,REGION IV-A-CALABARZON,01/13/2019
BATANGAS,181,0,01/20/2019,REGION IV-A-CALABARZON,01/20/2019
BATANGAS,182,0,01/27/2019,REGION IV-A-CALABARZON,01/27/2019
BATANGAS,152,0,02/03/2019,REGION IV-A-CALABARZON,02/03/2019
BATANGAS,143,1,02/10/2019,REGION IV-A-CALABARZON,02/10/2019
BATANGAS,140,2,02/17/2019,REGION IV-A-CALABARZON,02/17/2019
BATANGAS,138,0,02/24/2019,REGION IV-A-CALABARZON,02/24/2019
BATANGAS,111,0,03/03/2019,REGION IV-A-CALABARZON,03/03/2019
BATANGAS,116,0,03/10/2019,REGION IV-A-CALABARZON,03/10/2019
BATANGAS,88,0,03/17/2019,REGION IV-A-CALABARZON,03/17/2019
BATANGAS,66,0,03/24/2019,REGION IV-A-CALABARZON,03/24/2019
BATANGAS,83,0,03/31/2019,REGION IV-A-CALABARZON,03/31/2019
BATANGAS,56,0,04/07/2019,REGION IV-A-CALABARZON,04/07/2019
BATANGAS,36,1,04/14/2019,REGION IV-A-CALABARZON,04/14/2019
BATANGAS,48,0,04/21/2019,REGION IV-A-CALABARZON,04/21/2019
BATANGAS,43,0,04/28/2019,REGION IV-A-CALABARZON,04/28/2019
BATANGAS,52,1,05/05/2019,REGION IV-A-CALABARZON,05/05/2019
BATANGAS,36,1,05/12/2019,REGION IV-A-CALABARZON,05/12/2019
BATANGAS,72,0,05/19/2019,REGION IV-A-CALABARZON,05/19/2019
BATANGAS,60,0,05/26/2019,REGION IV-A-CALABARZON,05/26/2019
BATANGAS,55,0,06/02/2019,REGION IV-A-CALABARZON,06/02/2019
BATANGAS,69,0,06/09/2019,REGION IV-A-CALABARZON,06/09/2019
BATANGAS,90,0,06/16/2019,REGION IV-A-CALABARZON,06/16/2019
BATANGAS,123,0,06/23/2019,REGION IV-A-CALABARZON,06/23/2019
BATANGAS,140,0,06/30/2019,REGION IV-A-CALABARZON,06/30/2019
BATANGAS,199,1,07/07/2019,REGION IV-A-CALABARZON,07/07/2019
BATANGAS,199,0,07/14/2019,REGION IV-A-CALABARZON,07/14/2019
BATANGAS,298,0,07/21/2019,REGION IV-A-CALABARZON,07/21/2019
BATANGAS,385,1,07/28/2019,REGION IV-A-CALABARZON,07/28/2019
BATANGAS,480,0,08/04/2019,REGION IV-A-CALABARZON,08/04/2019
BATANGAS,696,3,08/11/2019,REGION IV-A-CALABARZON,08/11/2019
BATANGAS,580,0,08/18/2019,REGION IV-A-CALABARZON,08/18/2019
BATANGAS,679,3,08/25/2019,REGION IV-A-CALABARZON,08/25/2019
BATANGAS,855,3,09/01/2019,REGION IV-A-CALABARZON,09/01/2019
BATANGAS,790,0,09/08/2019,REGION IV-A-CALABARZON,09/08/2019
BATANGAS,907,4,09/15/2019,REGION IV-A-CALABARZON,09/15/2019
BATANGAS,636,3,09/22/2019,REGION IV-A-CALABARZON,09/22/2019
BATANGAS,530,0,09/29/2019,REGION IV-A-CALABARZON,09/29/2019
BATANGAS,452,1,10/06/2019,REGION IV-A-CALABARZON,10/06/2019
BATANGAS,375,2,10/13/2019,REGION IV-A-CALABARZON,10/13/2019
BATANGAS,356,2,10/20/2019,REGION IV-A-CALABARZON,10/20/2019
BATANGAS,372,2,10/27/2019,REGION IV-A-CALABARZON,10/27/2019
BATANGAS,285,2,11/03/2019,REGION IV-A-CALABARZON,11/03/2019
BATANGAS,282,0,11/10/2019,REGION IV-A-CALABARZON,11/10/2019
BATANGAS,198,0,11/17/2019,REGION IV-A-CALABARZON,11/17/2019
BATANGAS,179,0,11/24/2019,REGION IV-A-CALABARZON,11/24/2019
BATANGAS,163,1,12/01/2019,REGION IV-A-CALABARZON,12/01/2019
BATANGAS,139,0,12/08/2019,REGION IV-A-CALABARZON,12/08/2019
BATANGAS,137,2,12/15/2019,REGION IV-A-CALABARZON,12/15/2019
BATANGAS,134,1,12/22/2019,REGION IV-A-CALABARZON,12/22/2019
BATANGAS,103,1,12/29/2019,REGION IV-A-CALABARZON,12/29/2019
BATANGAS,136,1,01/05/2020,REGION IV-A-CALABARZON,01/05/2020
CAVITE,88,1,01/13/2019,REGION IV-A-CALABARZON,01/13/2019
CAVITE,233,0,01/20/2019,REGION IV-A-CALABARZON,01/20/2019
CAVITE,268,1,01/27/2019,REGION IV-A-CALABARZON,01/27/2019
CAVITE,255,1,02/03/2019,REGION IV-A-CALABARZON,02/03/2019
CAVITE,245,0,02/10/2019,REGION IV-A-CALABARZON,02/10/2019
CAVITE,245,1,02/17/2019,REGION IV-A-CALABARZON,02/17/2019
CAVITE,221,2,02/24/2019,REGION IV-A-CALABARZON,02/24/2019
CAVITE,170,2,03/03/2019,REGION IV-A-CALABARZON,03/03/2019
CAVITE,124,0,03/10/2019,REGION IV-A-CALABARZON,03/10/2019
CAVITE,113,3,03/17/2019,REGION IV-A-CALABARZON,03/17/2019
CAVITE,106,1,03/24/2019,REGION IV-A-CALABARZON,03/24/2019
CAVITE,81,0,03/31/2019,REGION IV-A-CALABARZON,03/31/2019
CAVITE,61,0,04/07/2019,REGION IV-A-CALABARZON,04/07/2019
CAVITE,37,0,04/14/2019,REGION IV-A-CALABARZON,04/14/2019
CAVITE,48,0,04/21/2019,REGION IV-A-CALABARZON,04/21/2019
CAVITE,43,0,04/28/2019,REGION IV-A-CALABARZON,04/28/2019
CAVITE,38,1,05/05/2019,REGION IV-A-CALABARZON,05/05/2019
CAVITE,49,2,05/12/2019,REGION IV-A-CALABARZON,05/12/2019
CAVITE,43,0,05/19/2019,REGION IV-A-CALABARZON,05/19/2019
CAVITE,60,1,05/26/2019,REGION IV-A-CALABARZON,05/26/2019
CAVITE,52,1,06/02/2019,REGION IV-A-CALABARZON,06/02/2019
CAVITE,72,0,06/09/2019,REGION IV-A-CALABARZON,06/09/2019
CAVITE,89,0,06/16/2019,REGION IV-A-CALABARZON,06/16/2019
CAVITE,134,0,06/23/2019,REGION IV-A-CALABARZON,06/23/2019
CAVITE,224,2,06/30/2019,REGION IV-A-CALABARZON,06/30/2019
CAVITE,270,0,07/07/2019,REGION IV-A-CALABARZON,07/07/2019
CAVITE,330,0,07/14/2019,REGION IV-A-CALABARZON,07/14/2019
CAVITE,548,5,07/21/2019,REGION IV-A-CALABARZON,07/21/2019
CAVITE,756,4,07/28/2019,REGION IV-A-CALABARZON,07/28/2019
CAVITE,1161,0,08/04/2019,REGION IV-A-CALABARZON,08/04/2019
CAVITE,1189,3,08/11/2019,REGION IV-A-CALABARZON,08/11/2019
CAVITE,1051,4,08/18/2019,REGION IV-A-CALABARZON,08/18/2019
CAVITE,1096,0,08/25/2019,REGION IV-A-CALABARZON,08/25/2019
CAVITE,1156,4,09/01/2019,REGION IV-A-CALABARZON,09/01/2019
CAVITE,1190,3,09/08/2019,REGION IV-A-CALABARZON,09/08/2019
CAVITE,1289,3,09/15/2019,REGION IV-A-CALABARZON,09/15/2019
CAVITE,1013,3,09/22/2019,REGION IV-A-CALABARZON,09/22/2019
CAVITE,953,0,09/29/2019,REGION IV-A-CALABARZON,09/29/2019
CAVITE,871,2,10/06/2019,REGION IV-A-CALABARZON,10/06/2019
CAVITE,782,5,10/13/2019,REGION IV-A-CALABARZON,10/13/2019
CAVITE,737,3,10/20/2019,REGION IV-A-CALABARZON,10/20/2019
CAVITE,614,0,10/27/2019,REGION IV-A-CALABARZON,10/27/2019
CAVITE,548,3,11/03/2019,REGION IV-A-CALABARZON,11/03/2019
CAVITE,463,2,11/10/2019,REGION IV-A-CALABARZON,11/10/2019
CAVITE,410,0,11/17/2019,REGION IV-A-CALABARZON,11/17/2019
CAVITE,384,3,11/24/2019,REGION IV-A-CALABARZON,11/24/2019
CAVITE,330,1,12/01/2019,REGION IV-A-CALABARZON,12/01/2019
CAVITE,366,0,12/08/2019,REGION IV-A-CALABARZON,12/08/2019
CAVITE,278,1,12/15/2019,REGION IV-A-CALABARZON,12/15/2019
CAVITE,266,2,12/22/2019,REGION IV-A-CALABARZON,12/22/2019
CAVITE,204,0,12/29/2019,REGION IV-A-CALABARZON,12/29/2019
CAVITE,312,3,01/05/2020,REGION IV-A-CALABARZON,01/05/2020
LAGUNA,70,0,01/13/2019,REGION IV-A-CALABARZON,01/13/2019
LAGUNA,217,0,01/20/2019,REGION IV-A-CALABARZON,01/20/2019
LAGUNA,194,0,01/27/2019,REGION IV-A-CALABARZON,01/27/2019
LAGUNA,220,1,02/03/2019,REGION IV-A-CALABARZON,02/03/2019
LAGUNA,209,2,02/10/2019,REGION IV-A-CALABARZON,02/10/2019
LAGUNA,157,1,02/17/2019,REGION IV-A-CALABARZON,02/17/2019
LAGUNA,177,0,02/24/2019,REGION IV-A-CALABARZON,02/24/2019
LAGUNA,164,2,03/03/2019,REGION IV-A-CALABARZON,03/03/2019
LAGUNA,131,0,03/10/2019,REGION IV-A-CALABARZON,03/10/2019
LAGUNA,107,0,03/17/2019,REGION IV-A-CALABARZON,03/17/2019
LAGUNA,98,0,03/24/2019,REGION IV-A-CALABARZON,03/24/2019
LAGUNA,73,0,03/31/2019,REGION IV-A-CALABARZON,03/31/2019
LAGUNA,68,0,04/07/2019,REGION IV-A-CALABARZON,04/07/2019
LAGUNA,65,0,04/14/2019,REGION IV-A-CALABARZON,04/14/2019
LAGUNA,52,0,04/21/2019,REGION IV-A-CALABARZON,04/21/2019
LAGUNA,49,0,04/28/2019,REGION IV-A-CALABARZON,04/28/2019
LAGUNA,55,1,05/05/2019,REGION IV-A-CALABARZON,05/05/2019
LAGUNA,58,0,05/12/2019,REGION IV-A-CALABARZON,05/12/2019
LAGUNA,45,0,05/19/2019,REGION IV-A-CALABARZON,05/19/2019
LAGUNA,58,0,05/26/2019,REGION IV-A-CALABARZON,05/26/2019
LAGUNA,55,0,06/02/2019,REGION IV-A-CALABARZON,06/02/2019
LAGUNA,73,0,06/09/2019,REGION IV-A-CALABARZON,06/09/2019
LAGUNA,112,0,06/16/2019,REGION IV-A-CALABARZON,06/16/2019
LAGUNA,157,0,06/23/2019,REGION IV-A-CALABARZON,06/23/2019
LAGUNA,234,3,06/30/2019,REGION IV-A-CALABARZON,06/30/2019
LAGUNA,352,0,07/07/2019,REGION IV-A-CALABARZON,07/07/2019
LAGUNA,364,0,07/14/2019,REGION IV-A-CALABARZON,07/14/2019
LAGUNA,390,2,07/21/2019,REGION IV-A-CALABARZON,07/21/2019
LAGUNA,581,2,07/28/2019,REGION IV-A-CALABARZON,07/28/2019
LAGUNA,883,0,08/04/2019,REGION IV-A-CALABARZON,08/04/2019
LAGUNA,1063,1,08/11/2019,REGION IV-A-CALABARZON,08/11/2019
LAGUNA,1069,3,08/18/2019,REGION IV-A-CALABARZON,08/18/2019
LAGUNA,1340,3,08/25/2019,REGION IV-A-CALABARZON,08/25/2019
LAGUNA,1528,7,09/01/2019,REGION IV-A-CALABARZON,09/01/2019
LAGUNA,1512,0,09/08/2019,REGION IV-A-CALABARZON,09/08/2019
LAGUNA,1492,3,09/15/2019,REGION IV-A-CALABARZON,09/15/2019
LAGUNA,1145,1,09/22/2019,REGION IV-A-CALABARZON,09/22/2019
LAGUNA,1076,0,09/29/2019,REGION IV-A-CALABARZON,09/29/2019
LAGUNA,881,1,10/06/2019,REGION IV-A-CALABARZON,10/06/2019
LAGUNA,862,1,10/13/2019,REGION IV-A-CALABARZON,10/13/2019
LAGUNA,800,4,10/20/2019,REGION IV-A-CALABARZON,10/20/2019
LAGUNA,671,2,10/27/2019,REGION IV-A-CALABARZON,10/27/2019
LAGUNA,601,2,11/03/2019,REGION IV-A-CALABARZON,11/03/2019
LAGUNA,409,0,11/10/2019,REGION IV-A-CALABARZON,11/10/2019
LAGUNA,364,0,11/17/2019,REGION IV-A-CALABARZON,11/17/2019
LAGUNA,325,0,11/24/2019,REGION IV-A-CALABARZON,11/24/2019
LAGUNA,247,0,12/01/2019,REGION IV-A-CALABARZON,12/01/2019
LAGUNA,244,2,12/08/2019,REGION IV-A-CALABARZON,12/08/2019
LAGUNA,208,0,12/15/2019,REGION IV-A-CALABARZON,12/15/2019
LAGUNA,188,2,12/22/2019,REGION IV-A-CALABARZON,12/22/2019
LAGUNA,134,0,12/29/2019,REGION IV-A-CALABARZON,12/29/2019
LAGUNA,179,1,01/05/2020,REGION IV-A-CALABARZON,01/05/2020
LUCENA CITY,5,0,01/13/2019,REGION IV-A-CALABARZON,01/13/2019
LUCENA CITY,34,0,01/20/2019,REGION IV-A-CALABARZON,01/20/2019
LUCENA CITY,25,0,01/27/2019,REGION IV-A-CALABARZON,01/27/2019
LUCENA CITY,30,0,02/03/2019,REGION IV-A-CALABARZON,02/03/2019
LUCENA CITY,11,0,02/10/2019,REGION IV-A-CALABARZON,02/10/2019
LUCENA CITY,15,0,02/17/2019,REGION IV-A-CALABARZON,02/17/2019
LUCENA CITY,7,0,02/24/2019,REGION IV-A-CALABARZON,02/24/2019
LUCENA CITY,5,0,03/03/2019,REGION IV-A-CALABARZON,03/03/2019
LUCENA CITY,5,0,03/10/2019,REGION IV-A-CALABARZON,03/10/2019
LUCENA CITY,1,0,03/17/2019,REGION IV-A-CALABARZON,03/17/2019
LUCENA CITY,1,0,03/24/2019,REGION IV-A-CALABARZON,03/24/2019
LUCENA CITY,4,1,03/31/2019,REGION IV-A-CALABARZON,03/31/2019
LUCENA CITY,8,0,04/07/2019,REGION IV-A-CALABARZON,04/07/2019
LUCENA CITY,3,0,04/14/2019,REGION IV-A-CALABARZON,04/14/2019
LUCENA CITY,1,0,04/21/2019,REGION IV-A-CALABARZON,04/21/2019
LUCENA CITY,0,0,04/28/2019,REGION IV-A-CALABARZON,04/28/2019
LUCENA CITY,0,0,05/05/2019,REGION IV-A-CALABARZON,05/05/2019
LUCENA CITY,3,0,05/12/2019,REGION IV-A-CALABARZON,05/12/2019
LUCENA CITY,5,0,05/19/2019,REGION IV-A-CALABARZON,05/19/2019
LUCENA CITY,2,0,05/26/2019,REGION IV-A-CALABARZON,05/26/2019
LUCENA CITY,5,0,06/02/2019,REGION IV-A-CALABARZON,06/02/2019
LUCENA CITY,2,0,06/09/2019,REGION IV-A-CALABARZON,06/09/2019
LUCENA CITY,9,0,06/16/2019,REGION IV-A-CALABARZON,06/16/2019
LUCENA CITY,5,0,06/23/2019,REGION IV-A-CALABARZON,06/23/2019
LUCENA CITY,10,0,06/30/2019,REGION IV-A-CALABARZON,06/30/2019
LUCENA CITY,2,0,07/07/2019,REGION IV-A-CALABARZON,07/07/2019
LUCENA CITY,3,0,07/14/2019,REGION IV-A-CALABARZON,07/14/2019
LUCENA CITY,8,0,07/21/2019,REGION IV-A-CALABARZON,07/21/2019
LUCENA CITY,7,0,07/28/2019,REGION IV-A-CALABARZON,07/28/2019
LUCENA CITY,17,0,08/04/2019,REGION IV-A-CALABARZON,08/04/2019
LUCENA CITY,35,1,08/11/2019,REGION IV-A-CALABARZON,08/11/2019
LUCENA CITY,24,0,08/18/2019,REGION IV-A-CALABARZON,08/18/2019
LUCENA CITY,38,2,08/25/2019,REGION IV-A-CALABARZON,08/25/2019
LUCENA CITY,37,0,09/01/2019,REGION IV-A-CALABARZON,09/01/2019
LUCENA CITY,34,0,09/08/2019,REGION IV-A-CALABARZON,09/08/2019
LUCENA CITY,58,0,09/15/2019,REGION IV-A-CALABARZON,09/15/2019
LUCENA CITY,37,0,09/22/2019,REGION IV-A-CALABARZON,09/22/2019
LUCENA CITY,28,0,09/29/2019,REGION IV-A-CALABARZON,09/29/2019
LUCENA CITY,32,0,10/06/2019,REGION IV-A-CALABARZON,10/06/2019
LUCENA CITY,23,1,10/13/2019,REGION IV-A-CALABARZON,10/13/2019
LUCENA CITY,39,0,10/20/2019,REGION IV-A-CALABARZON,10/20/2019
LUCENA CITY,32,0,10/27/2019,REGION IV-A-CALABARZON,10/27/2019
LUCENA CITY,8,0,11/03/2019,REGION IV-A-CALABARZON,11/03/2019
LUCENA CITY,6,0,11/10/2019,REGION IV-A-CALABARZON,11/10/2019
LUCENA CITY,9,0,11/17/2019,REGION IV-A-CALABARZON,11/17/2019
LUCENA CITY,6,0,11/24/2019,REGION IV-A-CALABARZON,11/24/2019
LUCENA CITY,15,0,12/01/2019,REGION IV-A-CALABARZON,12/01/2019
LUCENA CITY,4,0,12/08/2019,REGION IV-A-CALABARZON,12/08/2019
LUCENA CITY,3,0,12/15/2019,REGION IV-A-CALABARZON,12/15/2019
LUCENA CITY,15,0,12/22/2019,REGION IV-A-CALABARZON,12/22/2019
LUCENA CITY,5,0,12/29/2019,REGION IV-A-CALABARZON,12/29/2019
LUCENA CITY,7,0,01/05/2020,REGION IV-A-CALABARZON,01/05/2020
QUEZON,42,0,01/13/2019,REGION IV-A-CALABARZON,01/13/2019
QUEZON,130,2,01/20/2019,REGION IV-A-CALABARZON,01/20/2019
QUEZON,151,0,01/27/2019,REGION IV-A-CALABARZON,01/27/2019
QUEZON,150,0,02/03/2019,REGION IV-A-CALABARZON,02/03/2019
QUEZON,108,0,02/10/2019,REGION IV-A-CALABARZON,02/10/2019
QUEZON,121,0,02/17/2019,REGION IV-A-CALABARZON,02/17/2019
QUEZON,103,0,02/24/2019,REGION IV-A-CALABARZON,02/24/2019
QUEZON,53,0,03/03/2019,REGION IV-A-CALABARZON,03/03/2019
QUEZON,56,0,03/10/2019,REGION IV-A-CALABARZON,03/10/2019
QUEZON,68,0,03/17/2019,REGION IV-A-CALABARZON,03/17/2019
QUEZON,41,0,03/24/2019,REGION IV-A-CALABARZON,03/24/2019
QUEZON,42,0,03/31/2019,REGION IV-A-CALABARZON,03/31/2019
QUEZON,48,0,04/07/2019,REGION IV-A-CALABARZON,04/07/2019
QUEZON,46,0,04/14/2019,REGION IV-A-CALABARZON,04/14/2019
QUEZON,27,0,04/21/2019,REGION IV-A-CALABARZON,04/21/2019
QUEZON,28,1,04/28/2019,REGION IV-A-CALABARZON,04/28/2019
QUEZON,34,0,05/05/2019,REGION IV-A-CALABARZON,05/05/2019
QUEZON,43,1,05/12/2019,REGION IV-A-CALABARZON,05/12/2019
QUEZON,41,0,05/19/2019,REGION IV-A-CALABARZON,05/19/2019
QUEZON,57,0,05/26/2019,REGION IV-A-CALABARZON,05/26/2019
QUEZON,43,0,06/02/2019,REGION IV-A-CALABARZON,06/02/2019
QUEZON,85,1,06/09/2019,REGION IV-A-CALABARZON,06/09/2019
QUEZON,123,0,06/16/2019,REGION IV-A-CALABARZON,06/16/2019
QUEZON,147,0,06/23/2019,REGION IV-A-CALABARZON,06/23/2019
QUEZON,224,0,06/30/2019,REGION IV-A-CALABARZON,06/30/2019
QUEZON,208,1,07/07/2019,REGION IV-A-CALABARZON,07/07/2019
QUEZON,219,0,07/14/2019,REGION IV-A-CALABARZON,07/14/2019
QUEZON,300,1,07/21/2019,REGION IV-A-CALABARZON,07/21/2019
QUEZON,336,0,07/28/2019,REGION IV-A-CALABARZON,07/28/2019
QUEZON,423,0,08/04/2019,REGION IV-A-CALABARZON,08/04/2019
QUEZON,562,4,08/11/2019,REGION IV-A-CALABARZON,08/11/2019
QUEZON,502,0,08/18/2019,REGION IV-A-CALABARZON,08/18/2019
QUEZON,441,0,08/25/2019,REGION IV-A-CALABARZON,08/25/2019
QUEZON,476,1,09/01/2019,REGION IV-A-CALABARZON,09/01/2019
QUEZON,543,2,09/08/2019,REGION IV-A-CALABARZON,09/08/2019
QUEZON,568,1,09/15/2019,REGION IV-A-CALABARZON,09/15/2019
QUEZON,534,2,09/22/2019,REGION IV-A-CALABARZON,09/22/2019
QUEZON,425,0,09/29/2019,REGION IV-A-CALABARZON,09/29/2019
QUEZON,318,0,10/06/2019,REGION IV-A-CALABARZON,10/06/2019
QUEZON,379,2,10/13/2019,REGION IV-A-CALABARZON,10/13/2019
QUEZON,358,2,10/20/2019,REGION IV-A-CALABARZON,10/20/2019
QUEZON,242,0,10/27/2019,REGION IV-A-CALABARZON,10/27/2019
QUEZON,151,1,11/03/2019,REGION IV-A-CALABARZON,11/03/2019
QUEZON,169,0,11/10/2019,REGION IV-A-CALABARZON,11/10/2019
QUEZON,153,1,11/17/2019,REGION IV-A-CALABARZON,11/17/2019
QUEZON,115,0,11/24/2019,REGION IV-A-CALABARZON,11/24/2019
QUEZON,152,0,12/01/2019,REGION IV-A-CALABARZON,12/01/2019
QUEZON,93,0,12/08/2019,REGION IV-A-CALABARZON,12/08/2019
QUEZON,54,1,12/15/2019,REGION IV-A-CALABARZON,12/15/2019
QUEZON,84,0,12/22/2019,REGION IV-A-CALABARZON,12/22/2019
QUEZON,88,0,12/29/2019,REGION IV-A-CALABARZON,12/29/2019
QUEZON,85,0,01/05/2020,REGION IV-A-CALABARZON,01/05/2020
RIZAL,58,0,01/13/2019,REGION IV-A-CALABARZON,01/13/2019
RIZAL,124,1,01/20/2019,REGION IV-A-CALABARZON,01/20/2019
RIZAL,102,1,01/27/2019,REGION IV-A-CALABARZON,01/27/2019
RIZAL,127,0,02/03/2019,REGION IV-A-CALABARZON,02/03/2019
RIZAL,87,1,02/10/2019,REGION IV-A-CALABARZON,02/10/2019
RIZAL,108,2,02/17/2019,REGION IV-A-CALABARZON,02/17/2019
RIZAL,83,0,02/24/2019,REGION IV-A-CALABARZON,02/24/2019
RIZAL,82,0,03/03/2019,REGION IV-A-CALABARZON,03/03/2019
RIZAL,63,0,03/10/2019,REGION IV-A-CALABARZON,03/10/2019
RIZAL,82,2,03/17/2019,REGION IV-A-CALABARZON,03/17/2019
RIZAL,69,1,03/24/2019,REGION IV-A-CALABARZON,03/24/2019
RIZAL,49,1,03/31/2019,REGION IV-A-CALABARZON,03/31/2019
RIZAL,29,1,04/07/2019,REGION IV-A-CALABARZON,04/07/2019
RIZAL,36,0,04/14/2019,REGION IV-A-CALABARZON,04/14/2019
RIZAL,22,0,04/21/2019,REGION IV-A-CALABARZON,04/21/2019
RIZAL,38,0,04/28/2019,REGION IV-A-CALABARZON,04/28/2019
RIZAL,29,0,05/05/2019,REGION IV-A-CALABARZON,05/05/2019
RIZAL,21,0,05/12/2019,REGION IV-A-CALABARZON,05/12/2019
RIZAL,25,0,05/19/2019,REGION IV-A-CALABARZON,05/19/2019
RIZAL,23,1,05/26/2019,REGION IV-A-CALABARZON,05/26/2019
RIZAL,22,1,06/02/2019,REGION IV-A-CALABARZON,06/02/2019
RIZAL,28,0,06/09/2019,REGION IV-A-CALABARZON,06/09/2019
RIZAL,26,0,06/16/2019,REGION IV-A-CALABARZON,06/16/2019
RIZAL,48,0,06/23/2019,REGION IV-A-CALABARZON,06/23/2019
RIZAL,75,0,06/30/2019,REGION IV-A-CALABARZON,06/30/2019
RIZAL,82,1,07/07/2019,REGION IV-A-CALABARZON,07/07/2019
RIZAL,108,1,07/14/2019,REGION IV-A-CALABARZON,07/14/2019
RIZAL,187,1,07/21/2019,REGION IV-A-CALABARZON,07/21/2019
RIZAL,233,1,07/28/2019,REGION IV-A-CALABARZON,07/28/2019
RIZAL,390,0,08/04/2019,REGION IV-A-CALABARZON,08/04/2019
RIZAL,396,4,08/11/2019,REGION IV-A-CALABARZON,08/11/2019
RIZAL,425,4,08/18/2019,REGION IV-A-CALABARZON,08/18/2019
RIZAL,507,4,08/25/2019,REGION IV-A-CALABARZON,08/25/2019
RIZAL,670,0,09/01/2019,REGION IV-A-CALABARZON,09/01/2019
RIZAL,624,1,09/08/2019,REGION IV-A-CALABARZON,09/08/2019
RIZAL,606,0,09/15/2019,REGION IV-A-CALABARZON,09/15/2019
RIZAL,534,4,09/22/2019,REGION IV-A-CALABARZON,09/22/2019
RIZAL,412,3,09/29/2019,REGION IV-A-CALABARZON,09/29/2019
RIZAL,353,2,10/06/2019,REGION IV-A-CALABARZON,10/06/2019
RIZAL,269,2,10/13/2019,REGION IV-A-CALABARZON,10/13/2019
RIZAL,283,0,10/20/2019,REGION IV-A-CALABARZON,10/20/2019
RIZAL,264,3,10/27/2019,REGION IV-A-CALABARZON,10/27/2019
RIZAL,226,3,11/03/2019,REGION IV-A-CALABARZON,11/03/2019
RIZAL,219,2,11/10/2019,REGION IV-A-CALABARZON,11/10/2019
RIZAL,205,2,11/17/2019,REGION IV-A-CALABARZON,11/17/2019
RIZAL,184,2,11/24/2019,REGION IV-A-CALABARZON,11/24/2019
RIZAL,174,1,12/01/2019,REGION IV-A-CALABARZON,12/01/2019
RIZAL,220,3,12/08/2019,REGION IV-A-CALABARZON,12/08/2019
RIZAL,185,2,12/15/2019,REGION IV-A-CALABARZON,12/15/2019
RIZAL,485,0,12/22/2019,REGION IV-A-CALABARZON,12/22/2019
RIZAL,150,1,12/29/2019,REGION IV-A-CALABARZON,12/29/2019
RIZAL,194,1,01/05/2020,REGION IV-A-CALABARZON,01/05/2020
BATANGAS,56,0,01/12/2020,REGION IV-A-CALABARZON,01/12/2020
BATANGAS,148,0,01/19/2020,REGION IV-A-CALABARZON,01/19/2020
BATANGAS,104,0,01/26/2020,REGION IV-A-CALABARZON,01/26/2020
BATANGAS,109,0,02/02/2020,REGION IV-A-CALABARZON,02/02/2020
BATANGAS,103,0,02/09/2020,REGION IV-A-CALABARZON,02/09/2020
BATANGAS,90,0,02/16/2020,REGION IV-A-CALABARZON,02/16/2020
BATANGAS,59,1,02/23/2020,REGION IV-A-CALABARZON,02/23/2020
BATANGAS,54,0,03/01/2020,REGION IV-A-CALABARZON,03/01/2020
BATANGAS,47,0,03/08/2020,REGION IV-A-CALABARZON,03/08/2020
BATANGAS,46,0,03/15/2020,REGION IV-A-CALABARZON,03/15/2020
BATANGAS,36,0,03/22/2020,REGION IV-A-CALABARZON,03/22/2020
BATANGAS,6,0,03/29/2020,REGION IV-A-CALABARZON,03/29/2020
BATANGAS,2,0,04/05/2020,REGION IV-A-CALABARZON,04/05/2020
BATANGAS,1,0,04/12/2020,REGION IV-A-CALABARZON,04/12/2020
BATANGAS,4,0,04/19/2020,REGION IV-A-CALABARZON,04/19/2020
BATANGAS,6,0,04/26/2020,REGION IV-A-CALABARZON,04/26/2020
BATANGAS,1,0,05/03/2020,REGION IV-A-CALABARZON,05/03/2020
BATANGAS,0,0,05/10/2020,REGION IV-A-CALABARZON,05/10/2020
BATANGAS,2,1,05/17/2020,REGION IV-A-CALABARZON,05/17/2020
BATANGAS,3,0,05/24/2020,REGION IV-A-CALABARZON,05/24/2020
BATANGAS,0,0,05/31/2020,REGION IV-A-CALABARZON,05/31/2020
BATANGAS,5,0,06/07/2020,REGION IV-A-CALABARZON,06/07/2020
BATANGAS,1,0,06/14/2020,REGION IV-A-CALABARZON,06/14/2020
BATANGAS,6,0,06/21/2020,REGION IV-A-CALABARZON,06/21/2020
BATANGAS,3,0,06/28/2020,REGION IV-A-CALABARZON,06/28/2020
BATANGAS,6,0,07/05/2020,REGION IV-A-CALABARZON,07/05/2020
BATANGAS,7,0,07/12/2020,REGION IV-A-CALABARZON,07/12/2020
BATANGAS,6,0,07/19/2020,REGION IV-A-CALABARZON,07/19/2020
BATANGAS,7,0,07/26/2020,REGION IV-A-CALABARZON,07/26/2020
BATANGAS,9,0,08/02/2020,REGION IV-A-CALABARZON,08/02/2020
BATANGAS,16,0,08/09/2020,REGION IV-A-CALABARZON,08/09/2020
BATANGAS,5,1,08/16/2020,REGION IV-A-CALABARZON,08/16/2020
BATANGAS,6,0,08/23/2020,REGION IV-A-CALABARZON,08/23/2020
BATANGAS,7,0,08/30/2020,REGION IV-A-CALABARZON,08/30/2020
BATANGAS,10,0,09/06/2020,REGION IV-A-CALABARZON,09/06/2020
BATANGAS,9,0,09/13/2020,REGION IV-A-CALABARZON,09/13/2020
BATANGAS,8,0,09/20/2020,REGION IV-A-CALABARZON,09/20/2020
BATANGAS,5,0,09/27/2020,REGION IV-A-CALABARZON,09/27/2020
BATANGAS,11,0,10/04/2020,REGION IV-A-CALABARZON,10/04/2020
BATANGAS,6,0,10/11/2020,REGION IV-A-CALABARZON,10/11/2020
BATANGAS,13,0,10/18/2020,REGION IV-A-CALABARZON,10/18/2020
BATANGAS,7,0,10/25/2020,REGION IV-A-CALABARZON,10/25/2020
BATANGAS,9,0,11/01/2020,REGION IV-A-CALABARZON,11/01/2020
BATANGAS,12,1,11/08/2020,REGION IV-A-CALABARZON,11/08/2020
BATANGAS,12,0,11/15/2020,REGION IV-A-CALABARZON,11/15/2020
BATANGAS,13,0,11/22/2020,REGION IV-A-CALABARZON,11/22/2020
BATANGAS,12,0,11/29/2020,REGION IV-A-CALABARZON,11/29/2020
BATANGAS,10,0,12/06/2020,REGION IV-A-CALABARZON,12/06/2020
BATANGAS,12,1,12/13/2020,REGION IV-A-CALABARZON,12/13/2020
BATANGAS,13,0,12/20/2020,REGION IV-A-CALABARZON,12/20/2020
BATANGAS,12,0,12/27/2020,REGION IV-A-CALABARZON,12/27/2020
BATANGAS,11,0,01/03/2021,REGION IV-A-CALABARZON,01/03/2021
BATANGAS,9,0,01/10/2021,REGION IV-A-CALABARZON,01/10/2021
CAVITE,166,0,01/12/2020,REGION IV-A-CALABARZON,01/12/2020
CAVITE,334,0,01/19/2020,REGION IV-A-CALABARZON,01/19/2020
CAVITE,278,1,01/26/2020,REGION IV-A-CALABARZON,01/26/2020
CAVITE,292,0,02/02/2020,REGION IV-A-CALABARZON,02/02/2020
CAVITE,281,0,02/09/2020,REGION IV-A-CALABARZON,02/09/2020
CAVITE,189,0,02/16/2020,REGION IV-A-CALABARZON,02/16/2020
CAVITE,150,0,02/23/2020,REGION IV-A-CALABARZON,02/23/2020
CAVITE,125,0,03/01/2020,REGION IV-A-CALABARZON,03/01/2020
CAVITE,103,1,03/08/2020,REGION IV-A-CALABARZON,03/08/2020
CAVITE,91,0,03/15/2020,REGION IV-A-CALABARZON,03/15/2020
CAVITE,71,0,03/22/2020,REGION IV-A-CALABARZON,03/22/2020
CAVITE,41,0,03/29/2020,REGION IV-A-CALABARZON,03/29/2020
CAVITE,11,0,04/05/2020,REGION IV-A-CALABARZON,04/05/2020
CAVITE,10,0,04/12/2020,REGION IV-A-CALABARZON,04/12/2020
CAVITE,12,0,04/19/2020,REGION IV-A-CALABARZON,04/19/2020
CAVITE,5,0,04/26/2020,REGION IV-A-CALABARZON,04/26/2020
CAVITE,4,0,05/03/2020,REGION IV-A-CALABARZON,05/03/2020
CAVITE,5,0,05/10/2020,REGION IV-A-CALABARZON,05/10/2020
CAVITE,3,0,05/17/2020,REGION IV-A-CALABARZON,05/17/2020
CAVITE,6,0,05/24/2020,REGION IV-A-CALABARZON,05/24/2020
CAVITE,3,0,05/31/2020,REGION IV-A-CALABARZON,05/31/2020
CAVITE,4,0,06/07/2020,REGION IV-A-CALABARZON,06/07/2020
CAVITE,6,0,06/14/2020,REGION IV-A-CALABARZON,06/14/2020
CAVITE,11,0,06/21/2020,REGION IV-A-CALABARZON,06/21/2020
CAVITE,14,0,06/28/2020,REGION IV-A-CALABARZON,06/28/2020
CAVITE,18,0,07/05/2020,REGION IV-A-CALABARZON,07/05/2020
CAVITE,16,0,07/12/2020,REGION IV-A-CALABARZON,07/12/2020
CAVITE,11,0,07/19/2020,REGION IV-A-CALABARZON,07/19/2020
CAVITE,15,0,07/26/2020,REGION IV-A-CALABARZON,07/26/2020
CAVITE,11,0,08/02/2020,REGION IV-A-CALABARZON,08/02/2020
CAVITE,14,0,08/09/2020,REGION IV-A-CALABARZON,08/09/2020
CAVITE,8,0,08/16/2020,REGION IV-A-CALABARZON,08/16/2020
CAVITE,20,0,08/23/2020,REGION IV-A-CALABARZON,08/23/2020
CAVITE,7,0,08/30/2020,REGION IV-A-CALABARZON,08/30/2020
CAVITE,14,0,09/06/2020,REGION IV-A-CALABARZON,09/06/2020
CAVITE,12,0,09/13/2020,REGION IV-A-CALABARZON,09/13/2020
CAVITE,21,0,09/20/2020,REGION IV-A-CALABARZON,09/20/2020
CAVITE,13,0,09/27/2020,REGION IV-A-CALABARZON,09/27/2020
CAVITE,14,0,10/04/2020,REGION IV-A-CALABARZON,10/04/2020
CAVITE,17,0,10/11/2020,REGION IV-A-CALABARZON,10/11/2020
CAVITE,31,1,10/18/2020,REGION IV-A-CALABARZON,10/18/2020
CAVITE,30,1,10/25/2020,REGION IV-A-CALABARZON,10/25/2020
CAVITE,29,1,11/01/2020,REGION IV-A-CALABARZON,11/01/2020
CAVITE,42,1,11/08/2020,REGION IV-A-CALABARZON,11/08/2020
CAVITE,51,0,11/15/2020,REGION IV-A-CALABARZON,11/15/2020
CAVITE,54,0,11/22/2020,REGION IV-A-CALABARZON,11/22/2020
CAVITE,47,0,11/29/2020,REGION IV-A-CALABARZON,11/29/2020
CAVITE,60,0,12/06/2020,REGION IV-A-CALABARZON,12/06/2020
CAVITE,60,0,12/13/2020,REGION IV-A-CALABARZON,12/13/2020
CAVITE,57,0,12/20/2020,REGION IV-A-CALABARZON,12/20/2020
CAVITE,68,0,12/27/2020,REGION IV-A-CALABARZON,12/27/2020
CAVITE,47,1,01/03/2021,REGION IV-A-CALABARZON,01/03/2021
CAVITE,31,0,01/10/2021,REGION IV-A-CALABARZON,01/10/2021
LAGUNA,59,0,01/12/2020,REGION IV-A-CALABARZON,01/12/2020
LAGUNA,221,0,01/19/2020,REGION IV-A-CALABARZON,01/19/2020
LAGUNA,171,0,01/26/2020,REGION IV-A-CALABARZON,01/26/2020
LAGUNA,194,0,02/02/2020,REGION IV-A-CALABARZON,02/02/2020
LAGUNA,140,0,02/09/2020,REGION IV-A-CALABARZON,02/09/2020
LAGUNA,73,0,02/16/2020,REGION IV-A-CALABARZON,02/16/2020
LAGUNA,93,0,02/23/2020,REGION IV-A-CALABARZON,02/23/2020
LAGUNA,86,0,03/01/2020,REGION IV-A-CALABARZON,03/01/2020
LAGUNA,91,0,03/08/2020,REGION IV-A-CALABARZON,03/08/2020
LAGUNA,93,0,03/15/2020,REGION IV-A-CALABARZON,03/15/2020
LAGUNA,55,1,03/22/2020,REGION IV-A-CALABARZON,03/22/2020
LAGUNA,28,0,03/29/2020,REGION IV-A-CALABARZON,03/29/2020
LAGUNA,8,0,04/05/2020,REGION IV-A-CALABARZON,04/05/2020
LAGUNA,6,0,04/12/2020,REGION IV-A-CALABARZON,04/12/2020
LAGUNA,6,0,04/19/2020,REGION IV-A-CALABARZON,04/19/2020
LAGUNA,2,0,04/26/2020,REGION IV-A-CALABARZON,04/26/2020
LAGUNA,2,0,05/03/2020,REGION IV-A-CALABARZON,05/03/2020
LAGUNA,5,0,05/10/2020,REGION IV-A-CALABARZON,05/10/2020
LAGUNA,2,0,05/17/2020,REGION IV-A-CALABARZON,05/17/2020
LAGUNA,12,0,05/24/2020,REGION IV-A-CALABARZON,05/24/2020
LAGUNA,3,0,05/31/2020,REGION IV-A-CALABARZON,05/31/2020
LAGUNA,6,0,06/07/2020,REGION IV-A-CALABARZON,06/07/2020
LAGUNA,8,0,06/14/2020,REGION IV-A-CALABARZON,06/14/2020
LAGUNA,9,0,06/21/2020,REGION IV-A-CALABARZON,06/21/2020
LAGUNA,14,0,06/28/2020,REGION IV-A-CALABARZON,06/28/2020
LAGUNA,12,0,07/05/2020,REGION IV-A-CALABARZON,07/05/2020
LAGUNA,7,0,07/12/2020,REGION IV-A-CALABARZON,07/12/2020
LAGUNA,13,0,07/19/2020,REGION IV-A-CALABARZON,07/19/2020
LAGUNA,14,0,07/26/2020,REGION IV-A-CALABARZON,07/26/2020
LAGUNA,3,0,08/02/2020,REGION IV-A-CALABARZON,08/02/2020
LAGUNA,13,0,08/09/2020,REGION IV-A-CALABARZON,08/09/2020
LAGUNA,6,0,08/16/2020,REGION IV-A-CALABARZON,08/16/2020
LAGUNA,17,0,08/23/2020,REGION IV-A-CALABARZON,08/23/2020
LAGUNA,16,0,08/30/2020,REGION IV-A-CALABARZON,08/30/2020
LAGUNA,18,1,09/06/2020,REGION IV-A-CALABARZON,09/06/2020
LAGUNA,12,2,09/13/2020,REGION IV-A-CALABARZON,09/13/2020
LAGUNA,19,0,09/20/2020,REGION IV-A-CALABARZON,09/20/2020
LAGUNA,13,0,09/27/2020,REGION IV-A-CALABARZON,09/27/2020
LAGUNA,17,0,10/04/2020,REGION IV-A-CALABARZON,10/04/2020
LAGUNA,19,0,10/11/2020,REGION IV-A-CALABARZON,10/11/2020
LAGUNA,24,0,10/18/2020,REGION IV-A-CALABARZON,10/18/2020
LAGUNA,33,0,10/25/2020,REGION IV-A-CALABARZON,10/25/2020
LAGUNA,21,0,11/01/2020,REGION IV-A-CALABARZON,11/01/2020
LAGUNA,12,0,11/08/2020,REGION IV-A-CALABARZON,11/08/2020
LAGUNA,19,0,11/15/2020,REGION IV-A-CALABARZON,11/15/2020
LAGUNA,29,0,11/22/2020,REGION IV-A-CALABARZON,11/22/2020
LAGUNA,26,0,11/29/2020,REGION IV-A-CALABARZON,11/29/2020
LAGUNA,27,2,12/06/2020,REGION IV-A-CALABARZON,12/06/2020
LAGUNA,22,0,12/13/2020,REGION IV-A-CALABARZON,12/13/2020
LAGUNA,33,1,12/20/2020,REGION IV-A-CALABARZON,12/20/2020
LAGUNA,34,0,12/27/2020,REGION IV-A-CALABARZON,12/27/2020
LAGUNA,15,0,01/03/2021,REGION IV-A-CALABARZON,01/03/2021
LAGUNA,21,0,01/10/2021,REGION IV-A-CALABARZON,01/10/2021
LUCENA CITY,9,0,01/12/2020,REGION IV-A-CALABARZON,01/12/2020
LUCENA CITY,17,0,01/19/2020,REGION IV-A-CALABARZON,01/19/2020
LUCENA CITY,16,0,01/26/2020,REGION IV-A-CALABARZON,01/26/2020
LUCENA CITY,17,0,02/02/2020,REGION IV-A-CALABARZON,02/02/2020
LUCENA CITY,17,0,02/09/2020,REGION IV-A-CALABARZON,02/09/2020
LUCENA CITY,10,0,02/16/2020,REGION IV-A-CALABARZON,02/16/2020
LUCENA CITY,6,0,02/23/2020,REGION IV-A-CALABARZON,02/23/2020
LUCENA CITY,8,0,03/01/2020,REGION IV-A-CALABARZON,03/01/2020
LUCENA CITY,7,0,03/08/2020,REGION IV-A-CALABARZON,03/08/2020
LUCENA CITY,5,0,03/15/2020,REGION IV-A-CALABARZON,03/15/2020
LUCENA CITY,0,0,03/22/2020,REGION IV-A-CALABARZON,03/22/2020
LUCENA CITY,1,0,03/29/2020,REGION IV-A-CALABARZON,03/29/2020
LUCENA CITY,0,0,04/05/2020,REGION IV-A-CALABARZON,04/05/2020
LUCENA CITY,0,0,04/12/2020,REGION IV-A-CALABARZON,04/12/2020
LUCENA CITY,0,0,04/19/2020,REGION IV-A-CALABARZON,04/19/2020
LUCENA CITY,0,0,04/26/2020,REGION IV-A-CALABARZON,04/26/2020
LUCENA CITY,0,0,05/03/2020,REGION IV-A-CALABARZON,05/03/2020
LUCENA CITY,0,0,05/10/2020,REGION IV-A-CALABARZON,05/10/2020
LUCENA CITY,0,0,05/17/2020,REGION IV-A-CALABARZON,05/17/2020
LUCENA CITY,0,0,05/24/2020,REGION IV-A-CALABARZON,05/24/2020
LUCENA CITY,0,0,05/31/2020,REGION IV-A-CALABARZON,05/31/2020
LUCENA CITY,0,0,06/07/2020,REGION IV-A-CALABARZON,06/07/2020
LUCENA CITY,0,0,06/14/2020,REGION IV-A-CALABARZON,06/14/2020
LUCENA CITY,0,0,06/21/2020,REGION IV-A-CALABARZON,06/21/2020
LUCENA CITY,0,0,06/28/2020,REGION IV-A-CALABARZON,06/28/2020
LUCENA CITY,0,0,07/05/2020,REGION IV-A-CALABARZON,07/05/2020
LUCENA CITY,0,0,07/12/2020,REGION IV-A-CALABARZON,07/12/2020
LUCENA CITY,0,0,07/19/2020,REGION IV-A-CALABARZON,07/19/2020
LUCENA CITY,0,0,07/26/2020,REGION IV-A-CALABARZON,07/26/2020
LUCENA CITY,0,0,08/02/2020,REGION IV-A-CALABARZON,08/02/2020
LUCENA CITY,0,0,08/09/2020,REGION IV-A-CALABARZON,08/09/2020
LUCENA CITY,1,0,08/16/2020,REGION IV-A-CALABARZON,08/16/2020
LUCENA CITY,2,0,08/23/2020,REGION IV-A-CALABARZON,08/23/2020
LUCENA CITY,0,0,08/30/2020,REGION IV-A-CALABARZON,08/30/2020
LUCENA CITY,0,0,09/06/2020,REGION IV-A-CALABARZON,09/06/2020
LUCENA CITY,1,0,09/13/2020,REGION IV-A-CALABARZON,09/13/2020
LUCENA CITY,0,0,09/20/2020,REGION IV-A-CALABARZON,09/20/2020
LUCENA CITY,0,0,09/27/2020,REGION IV-A-CALABARZON,09/27/2020
LUCENA CITY,0,0,10/04/2020,REGION IV-A-CALABARZON,10/04/2020
LUCENA CITY,0,0,10/11/2020,REGION IV-A-CALABARZON,10/11/2020
LUCENA CITY,0,0,10/18/2020,REGION IV-A-CALABARZON,10/18/2020
LUCENA CITY,0,0,10/25/2020,REGION IV-A-CALABARZON,10/25/2020
LUCENA CITY,0,0,11/01/2020,REGION IV-A-CALABARZON,11/01/2020
LUCENA CITY,0,0,11/08/2020,REGION IV-A-CALABARZON,11/08/2020
LUCENA CITY,0,0,11/15/2020,REGION IV-A-CALABARZON,11/15/2020
LUCENA CITY,0,0,11/22/2020,REGION IV-A-CALABARZON,11/22/2020
LUCENA CITY,0,0,11/29/2020,REGION IV-A-CALABARZON,11/29/2020
LUCENA CITY,0,0,12/06/2020,REGION IV-A-CALABARZON,12/06/2020
LUCENA CITY,0,0,12/13/2020,REGION IV-A-CALABARZON,12/13/2020
LUCENA CITY,0,0,12/20/2020,REGION IV-A-CALABARZON,12/20/2020
LUCENA CITY,0,0,12/27/2020,REGION IV-A-CALABARZON,12/27/2020
LUCENA CITY,0,0,01/03/2021,REGION IV-A-CALABARZON,01/03/2021
LUCENA CITY,0,0,01/10/2021,REGION IV-A-CALABARZON,01/10/2021
QUEZON,40,0,01/12/2020,REGION IV-A-CALABARZON,01/12/2020
QUEZON,90,0,01/19/2020,REGION IV-A-CALABARZON,01/19/2020
QUEZON,84,1,01/26/2020,REGION IV-A-CALABARZON,01/26/2020
QUEZON,64,0,02/02/2020,REGION IV-A-CALABARZON,02/02/2020
QUEZON,78,0,02/09/2020,REGION IV-A-CALABARZON,02/09/2020
QUEZON,46,0,02/16/2020,REGION IV-A-CALABARZON,02/16/2020
QUEZON,44,0,02/23/2020,REGION IV-A-CALABARZON,02/23/2020
QUEZON,45,0,03/01/2020,REGION IV-A-CALABARZON,03/01/2020
QUEZON,30,0,03/08/2020,REGION IV-A-CALABARZON,03/08/2020
QUEZON,34,0,03/15/2020,REGION IV-A-CALABARZON,03/15/2020
QUEZON,11,0,03/22/2020,REGION IV-A-CALABARZON,03/22/2020
QUEZON,11,0,03/29/2020,REGION IV-A-CALABARZON,03/29/2020
QUEZON,7,0,04/05/2020,REGION IV-A-CALABARZON,04/05/2020
QUEZON,3,0,04/12/2020,REGION IV-A-CALABARZON,04/12/2020
QUEZON,3,0,04/19/2020,REGION IV-A-CALABARZON,04/19/2020
QUEZON,0,0,04/26/2020,REGION IV-A-CALABARZON,04/26/2020
QUEZON,4,0,05/03/2020,REGION IV-A-CALABARZON,05/03/2020
QUEZON,0,0,05/10/2020,REGION IV-A-CALABARZON,05/10/2020
QUEZON,0,0,05/17/2020,REGION IV-A-CALABARZON,05/17/2020
QUEZON,5,0,05/24/2020,REGION IV-A-CALABARZON,05/24/2020
QUEZON,2,0,05/31/2020,REGION IV-A-CALABARZON,05/31/2020
QUEZON,1,0,06/07/2020,REGION IV-A-CALABARZON,06/07/2020
QUEZON,0,0,06/14/2020,REGION IV-A-CALABARZON,06/14/2020
QUEZON,0,0,06/21/2020,REGION IV-A-CALABARZON,06/21/2020
QUEZON,3,0,06/28/2020,REGION IV-A-CALABARZON,06/28/2020
QUEZON,6,0,07/05/2020,REGION IV-A-CALABARZON,07/05/2020
QUEZON,1,0,07/12/2020,REGION IV-A-CALABARZON,07/12/2020
QUEZON,22,0,07/19/2020,REGION IV-A-CALABARZON,07/19/2020
QUEZON,5,0,07/26/2020,REGION IV-A-CALABARZON,07/26/2020
QUEZON,9,0,08/02/2020,REGION IV-A-CALABARZON,08/02/2020
QUEZON,14,0,08/09/2020,REGION IV-A-CALABARZON,08/09/2020
QUEZON,10,0,08/16/2020,REGION IV-A-CALABARZON,08/16/2020
QUEZON,14,0,08/23/2020,REGION IV-A-CALABARZON,08/23/2020
QUEZON,6,0,08/30/2020,REGION IV-A-CALABARZON,08/30/2020
QUEZON,7,0,09/06/2020,REGION IV-A-CALABARZON,09/06/2020
QUEZON,2,0,09/13/2020,REGION IV-A-CALABARZON,09/13/2020
QUEZON,5,0,09/20/2020,REGION IV-A-CALABARZON,09/20/2020
QUEZON,3,0,09/27/2020,REGION IV-A-CALABARZON,09/27/2020
QUEZON,3,0,10/04/2020,REGION IV-A-CALABARZON,10/04/2020
QUEZON,5,0,10/11/2020,REGION IV-A-CALABARZON,10/11/2020
QUEZON,1,0,10/18/2020,REGION IV-A-CALABARZON,10/18/2020
QUEZON,4,0,10/25/2020,REGION IV-A-CALABARZON,10/25/2020
QUEZON,6,0,11/01/2020,REGION IV-A-CALABARZON,11/01/2020
QUEZON,3,0,11/08/2020,REGION IV-A-CALABARZON,11/08/2020
QUEZON,2,0,11/15/2020,REGION IV-A-CALABARZON,11/15/2020
QUEZON,1,0,11/22/2020,REGION IV-A-CALABARZON,11/22/2020
QUEZON,1,0,11/29/2020,REGION IV-A-CALABARZON,11/29/2020
QUEZON,0,0,12/06/2020,REGION IV-A-CALABARZON,12/06/2020
QUEZON,0,0,12/13/2020,REGION IV-A-CALABARZON,12/13/2020
QUEZON,0,0,12/20/2020,REGION IV-A-CALABARZON,12/20/2020
QUEZON,1,0,12/27/2020,REGION IV-A-CALABARZON,12/27/2020
QUEZON,1,0,01/03/2021,REGION IV-A-CALABARZON,01/03/2021
QUEZON,1,0,01/10/2021,REGION IV-A-CALABARZON,01/10/2021
RIZAL,84,2,01/12/2020,REGION IV-A-CALABARZON,01/12/2020
RIZAL,242,0,01/19/2020,REGION IV-A-CALABARZON,01/19/2020
RIZAL,143,1,01/26/2020,REGION IV-A-CALABARZON,01/26/2020
RIZAL,146,1,02/02/2020,REGION IV-A-CALABARZON,02/02/2020
RIZAL,156,0,02/09/2020,REGION IV-A-CALABARZON,02/09/2020
RIZAL,124,1,02/16/2020,REGION IV-A-CALABARZON,02/16/2020
RIZAL,100,0,02/23/2020,REGION IV-A-CALABARZON,02/23/2020
RIZAL,102,1,03/01/2020,REGION IV-A-CALABARZON,03/01/2020
RIZAL,106,2,03/08/2020,REGION IV-A-CALABARZON,03/08/2020
RIZAL,88,0,03/15/2020,REGION IV-A-CALABARZON,03/15/2020
RIZAL,56,0,03/22/2020,REGION IV-A-CALABARZON,03/22/2020
RIZAL,27,1,03/29/2020,REGION IV-A-CALABARZON,03/29/2020
RIZAL,22,0,04/05/2020,REGION IV-A-CALABARZON,04/05/2020
RIZAL,12,0,04/12/2020,REGION IV-A-CALABARZON,04/12/2020
RIZAL,17,0,04/19/2020,REGION IV-A-CALABARZON,04/19/2020
RIZAL,14,0,04/26/2020,REGION IV-A-CALABARZON,04/26/2020
RIZAL,8,0,05/03/2020,REGION IV-A-CALABARZON,05/03/2020
RIZAL,2,0,05/10/2020,REGION IV-A-CALABARZON,05/10/2020
RIZAL,2,0,05/17/2020,REGION IV-A-CALABARZON,05/17/2020
RIZAL,3,0,05/24/2020,REGION IV-A-CALABARZON,05/24/2020
RIZAL,0,0,05/31/2020,REGION IV-A-CALABARZON,05/31/2020
RIZAL,6,0,06/07/2020,REGION IV-A-CALABARZON,06/07/2020
RIZAL,4,0,06/14/2020,REGION IV-A-CALABARZON,06/14/2020
RIZAL,2,0,06/21/2020,REGION IV-A-CALABARZON,06/21/2020
RIZAL,2,0,06/28/2020,REGION IV-A-CALABARZON,06/28/2020
RIZAL,8,0,07/05/2020,REGION IV-A-CALABARZON,07/05/2020
RIZAL,8,0,07/12/2020,REGION IV-A-CALABARZON,07/12/2020
RIZAL,10,0,07/19/2020,REGION IV-A-CALABARZON,07/19/2020
RIZAL,20,0,07/26/2020,REGION IV-A-CALABARZON,07/26/2020
RIZAL,18,0,08/02/2020,REGION IV-A-CALABARZON,08/02/2020
RIZAL,10,0,08/09/2020,REGION IV-A-CALABARZON,08/09/2020
RIZAL,15,0,08/16/2020,REGION IV-A-CALABARZON,08/16/2020
RIZAL,19,0,08/23/2020,REGION IV-A-CALABARZON,08/23/2020
RIZAL,15,0,08/30/2020,REGION IV-A-CALABARZON,08/30/2020
RIZAL,12,0,09/06/2020,REGION IV-A-CALABARZON,09/06/2020
RIZAL,8,1,09/13/2020,REGION IV-A-CALABARZON,09/13/2020
RIZAL,20,0,09/20/2020,REGION IV-A-CALABARZON,09/20/2020
RIZAL,19,0,09/27/2020,REGION IV-A-CALABARZON,09/27/2020
RIZAL,23,0,10/04/2020,REGION IV-A-CALABARZON,10/04/2020
RIZAL,25,0,10/11/2020,REGION IV-A-CALABARZON,10/11/2020
RIZAL,25,0,10/18/2020,REGION IV-A-CALABARZON,10/18/2020
RIZAL,17,0,10/25/2020,REGION IV-A-CALABARZON,10/25/2020
RIZAL,18,0,11/01/2020,REGION IV-A-CALABARZON,11/01/2020
RIZAL,28,0,11/08/2020,REGION IV-A-CALABARZON,11/08/2020
RIZAL,33,0,11/15/2020,REGION IV-A-CALABARZON,11/15/2020
RIZAL,26,0,11/22/2020,REGION IV-A-CALABARZON,11/22/2020
RIZAL,36,0,11/29/2020,REGION IV-A-CALABARZON,11/29/2020
RIZAL,26,0,12/06/2020,REGION IV-A-CALABARZON,12/06/2020
RIZAL,31,0,12/13/2020,REGION IV-A-CALABARZON,12/13/2020
RIZAL,34,0,12/20/2020,REGION IV-A-CALABARZON,12/20/2020
RIZAL,27,0,12/27/2020,REGION IV-A-CALABARZON,12/27/2020
RIZAL,5,0,01/03/2021,REGION IV-A-CALABARZON,01/03/2021
RIZAL,7,0,01/10/2021,REGION IV-A-CALABARZON,01/10/2021